model,nsims,tpb,mem,cupsodatime,cupsoda_io_time,pythontime,rtol,atol,mxsteps,t_end,n_steps,vol,card
#tyson,10,16,0,0.113895,0.326051950455,0.348328113556,1e-06,1e-06,100,20000,100.0,1e-19,gtx-980-ti
#tyson,100,16,0,0.110158,0.406667947769,0.538900136948,1e-06,1e-06,100,20000,100.0,1e-19,gtx-980-ti
#tyson,1000,16,0,0.10153,0.693322896957,1.22423696518,1e-06,1e-06,100,20000,100.0,1e-19,gtx-980-ti
#tyson,10000,16,0,0.481497,3.61850810051,7.50318193436,1e-06,1e-06,100,20000,100.0,1e-19,gtx-980-ti
#tyson,100000,16,0,4.415336,33.3972001076,73.7709579468,1e-06,1e-06,100,20000,100.0,1e-19,gtx-980-ti
#tyson,10,16,1,0.106035,0.351189851761,0.367995977402,1e-06,1e-06,100,20000,100.0,1e-19,gtx-980-ti
#tyson,100,16,1,0.100575,0.433658123016,0.556051969528,1e-06,1e-06,100,20000,100.0,1e-19,gtx-980-ti
#tyson,1000,16,1,0.102604,0.710808992386,1.2175359726,1e-06,1e-06,100,20000,100.0,1e-19,gtx-980-ti
#tyson,10000,16,1,0.443067,3.62140488625,7.55745482445,1e-06,1e-06,100,20000,100.0,1e-19,gtx-980-ti
#tyson,100000,16,1,4.018519,32.9583108425,72.1877360344,1e-06,1e-06,100,20000,100.0,1e-19,gtx-980-ti
#tyson,10,16,2,0.098733,0.354249000549,0.379979133606,1e-06,1e-06,100,20000,100.0,1e-19,gtx-980-ti
#tyson,100,16,2,0.102371,0.404313087463,0.566859960556,1e-06,1e-06,100,20000,100.0,1e-19,gtx-980-ti
#tyson,1000,16,2,0.095076,0.704110145569,1.21356701851,1e-06,1e-06,100,20000,100.0,1e-19,gtx-980-ti
#tyson,10000,16,2,0.419088,3.58854007721,7.60289001465,1e-06,1e-06,100,20000,100.0,1e-19,gtx-980-ti
#tyson,100000,16,2,3.865009,33.7172720432,72.3924601078,1e-06,1e-06,100,20000,100.0,1e-19,gtx-980-ti
#earm,10,16,0,5.13764,5.41292905807,5.48140501976,1e-06,1e-06,100,20000,20000.0,1.661e-19,gtx-980-ti
#earm,100,16,0,5.440378,5.77800893784,6.06500983238,1e-06,1e-06,100,20000,20000.0,1.661e-19,gtx-980-ti
#earm,1000,16,0,6.136267,6.99461984634,8.48514103889,1e-06,1e-06,100,20000,20000.0,1.661e-19,gtx-980-ti
#earm,10000,16,0,33.842999,39.3892350197,52.8456499577,1e-06,1e-06,100,20000,20000.0,1.661e-19,gtx-980-ti
#earm,10,16,1,4.092853,4.35616993904,4.4072239399,1e-06,1e-06,100,20000,20000.0,1.661e-19,gtx-980-ti
#earm,100,16,1,4.328512,4.68681287766,4.99739003181,1e-06,1e-06,100,20000,20000.0,1.661e-19,gtx-980-ti
#earm,1000,16,1,4.887641,5.75417518616,7.20676398277,1e-06,1e-06,100,20000,20000.0,1.661e-19,gtx-980-ti
#earm,10000,16,1,27.062874,32.7051210403,46.1352310181,1e-06,1e-06,100,20000,20000.0,1.661e-19,gtx-980-ti
#earm,10,16,2,3.523582,3.78152799606,3.83460211754,1e-06,1e-06,100,20000,20000.0,1.661e-19,gtx-980-ti
#earm,100,16,2,3.708688,4.06097197533,4.34821486473,1e-06,1e-06,100,20000,20000.0,1.661e-19,gtx-980-ti
#earm,1000,16,2,4.255095,5.11840295792,6.5616350174,1e-06,1e-06,100,20000,20000.0,1.661e-19,gtx-980-ti
#earm,10000,16,2,24.530918,30.195305109,43.7664999962,1e-06,1e-06,100,20000,20000.0,1.661e-19,gtx-980-ti
#ras,10,16,0,4.136238,4.42622804642,4.50343704224,1e-06,1e-06,100,20000,1500.0,1e-19,gtx-980-ti
#ras,100,16,0,4.255886,4.73635196686,5.02172207832,1e-06,1e-06,100,20000,1500.0,1e-19,gtx-980-ti
#ras,1000,16,0,4.660463,6.41007685661,8.00916099548,1e-06,1e-06,100,20000,1500.0,1e-19,gtx-980-ti
#ras,10000,16,0,23.723053,38.6685709953,53.1222159863,1e-06,1e-06,100,20000,1500.0,1e-19,gtx-980-ti
#ras,100000,16,0,224.203033,371.869079828,515.559521914,1e-06,1e-06,100,20000,1500.0,1e-19,gtx-980-ti
#ras,10,16,1,3.330212,3.66477394104,3.74844908714,1e-06,1e-06,100,20000,1500.0,1e-19,gtx-980-ti
#ras,100,16,1,3.397608,3.90601396561,4.20314097404,1e-06,1e-06,100,20000,1500.0,1e-19,gtx-980-ti
#ras,1000,16,1,3.773139,5.59395885468,7.21112513542,1e-06,1e-06,100,20000,1500.0,1e-19,gtx-980-ti
#ras,10000,16,1,19.803684,34.72574687,48.9744551182,1e-06,1e-06,100,20000,1500.0,1e-19,gtx-980-ti
#ras,100000,16,1,181.860855,328.6532619,472.188742876,1e-06,1e-06,100,20000,1500.0,1e-19,gtx-980-ti
#ras,10,16,2,2.920687,3.28518915176,3.37211608887,1e-06,1e-06,100,20000,1500.0,1e-19,gtx-980-ti
#ras,100,16,2,2.981765,3.53973197937,3.82168602943,1e-06,1e-06,100,20000,1500.0,1e-19,gtx-980-ti
#ras,1000,16,2,3.333094,5.21296596527,6.73046517372,1e-06,1e-06,100,20000,1500.0,1e-19,gtx-980-ti
#ras,10000,16,2,18.04323,32.9160149097,47.2816159725,1e-06,1e-06,100,20000,1500.0,1e-19,gtx-980-ti
#ras,100000,16,2,167.286514,314.878913164,457.905255079,1e-06,1e-06,100,20000,1500.0,1e-19,gtx-980-ti

#tyson,10,16,0,0.11394,0.303539991379,0.321910142899,1e-06,1e-06,100,20000,100.0,1e-19,gtx-980-ti
#tyson,100,16,0,0.110239,0.415192842484,0.55398607254,1e-06,1e-06,100,20000,100.0,1e-19,gtx-980-ti
#tyson,1000,16,0,0.101528,0.723156929016,1.23172497749,1e-06,1e-06,100,20000,100.0,1e-19,gtx-980-ti
#tyson,10000,16,0,0.482778,3.60836696625,7.52778816223,1e-06,1e-06,100,20000,100.0,1e-19,gtx-980-ti
#tyson,100000,16,0,4.421622,34.0135931969,73.7643780708,1e-06,1e-06,100,20000,100.0,1e-19,gtx-980-ti
#tyson,10,16,1,0.106007,0.359954118729,0.385638952255,1e-06,1e-06,100,20000,100.0,1e-19,gtx-980-ti
#tyson,100,16,1,0.100712,0.402522087097,0.572242021561,1e-06,1e-06,100,20000,100.0,1e-19,gtx-980-ti
#tyson,1000,16,1,0.091616,0.683547973633,1.24486494064,1e-06,1e-06,100,20000,100.0,1e-19,gtx-980-ti
#tyson,10000,16,1,0.441616,3.63873410225,7.56456708908,1e-06,1e-06,100,20000,100.0,1e-19,gtx-980-ti
#tyson,100000,16,1,4.014735,33.5230679512,72.4540801048,1e-06,1e-06,100,20000,100.0,1e-19,gtx-980-ti
#tyson,10,16,2,0.09845,0.354681968689,0.379568099976,1e-06,1e-06,100,20000,100.0,1e-19,gtx-980-ti
#tyson,100,16,2,0.102458,0.438043117523,0.592283010483,1e-06,1e-06,100,20000,100.0,1e-19,gtx-980-ti
#tyson,1000,16,2,0.094901,0.712182998657,1.26584196091,1e-06,1e-06,100,20000,100.0,1e-19,gtx-980-ti
#tyson,10000,16,2,0.420454,3.57867407799,7.77184295654,1e-06,1e-06,100,20000,100.0,1e-19,gtx-980-ti
#tyson,100000,16,2,3.867805,32.9318270683,72.5813999176,1e-06,1e-06,100,20000,100.0,1e-19,gtx-980-ti
#earm,10,16,0,5.132325,5.40234088898,5.45568609238,1e-06,1e-06,100,20000,20000.0,1.661e-19,gtx-980-ti
#earm,100,16,0,5.44295,5.80611491203,6.10976004601,1e-06,1e-06,100,20000,20000.0,1.661e-19,gtx-980-ti
#earm,1000,16,0,6.133512,7.04081702232,8.60184597969,1e-06,1e-06,100,20000,20000.0,1.661e-19,gtx-980-ti
#earm,10000,16,0,33.83519,39.4794259071,53.3036248684,1e-06,1e-06,100,20000,20000.0,1.661e-19,gtx-980-ti
#earm,10,16,1,4.099045,4.35641098022,4.40417814255,1e-06,1e-06,100,20000,20000.0,1.661e-19,gtx-980-ti
#earm,100,16,1,4.327428,4.64926791191,4.90393781662,1e-06,1e-06,100,20000,20000.0,1.661e-19,gtx-980-ti
#earm,1000,16,1,4.886544,5.76738095284,7.21908783913,1e-06,1e-06,100,20000,20000.0,1.661e-19,gtx-980-ti
#earm,10000,16,1,27.224306,32.8984749317,46.6391439438,1e-06,1e-06,100,20000,20000.0,1.661e-19,gtx-980-ti
#earm,10,16,2,3.541607,3.81330895424,3.86522603035,1e-06,1e-06,100,20000,20000.0,1.661e-19,gtx-980-ti
#earm,100,16,2,3.708439,4.06712293625,4.37392902374,1e-06,1e-06,100,20000,20000.0,1.661e-19,gtx-980-ti
#earm,1000,16,2,4.255091,5.11652207375,6.58318591118,1e-06,1e-06,100,20000,20000.0,1.661e-19,gtx-980-ti
#earm,10000,16,2,24.54682,30.1257450581,43.7505478859,1e-06,1e-06,100,20000,20000.0,1.661e-19,gtx-980-ti
#ras,10,16,0,4.12651,4.40458106995,4.47780299187,1e-06,1e-06,100,20000,1500.0,1e-19,gtx-980-ti
#ras,100,16,0,4.258221,4.72091698647,5.00430989265,1e-06,1e-06,100,20000,1500.0,1e-19,gtx-980-ti
#ras,1000,16,0,4.659603,6.45187115669,8.03477883339,1e-06,1e-06,100,20000,1500.0,1e-19,gtx-980-ti
#ras,10000,16,0,23.759876,38.7071130276,53.2802331448,1e-06,1e-06,100,20000,1500.0,1e-19,gtx-980-ti
#ras,100000,16,0,223.878723,370.614522934,517.427776098,1e-06,1e-06,100,20000,1500.0,1e-19,gtx-980-ti
#ras,10,16,1,3.33927,3.68587398529,3.74381804466,1e-06,1e-06,100,20000,1500.0,1e-19,gtx-980-ti
#ras,100,16,1,3.398481,3.91050100327,4.18321299553,1e-06,1e-06,100,20000,1500.0,1e-19,gtx-980-ti
#ras,1000,16,1,3.77091,5.68008613586,7.26369714737,1e-06,1e-06,100,20000,1500.0,1e-19,gtx-980-ti
#ras,10000,16,1,19.775293,34.7166161537,49.4796578884,1e-06,1e-06,100,20000,1500.0,1e-19,gtx-980-ti
#ras,100000,16,1,182.587341,330.217378139,475.83406496,1e-06,1e-06,100,20000,1500.0,1e-19,gtx-980-ti
#ras,10,16,2,2.931426,3.27144980431,3.36545491219,1e-06,1e-06,100,20000,1500.0,1e-19,gtx-980-ti
#ras,100,16,2,2.982691,3.4972319603,3.7718770504,1e-06,1e-06,100,20000,1500.0,1e-19,gtx-980-ti
#ras,1000,16,2,3.334234,5.13926196098,6.68056201935,1e-06,1e-06,100,20000,1500.0,1e-19,gtx-980-ti
#ras,10000,16,2,18.049034,33.1033940315,47.8151659966,1e-06,1e-06,100,20000,1500.0,1e-19,gtx-980-ti
#ras,100000,16,2,167.559143,313.230831146,460.157408953,1e-06,1e-06,100,20000,1500.0,1e-19,gtx-980-ti

tyson,10,16,0,0.110958,0.313817977905,0.329696178436,1e-06,1e-06,100,20000,100.0,1e-19,gtx-980-ti
tyson,100,16,0,0.09829,0.435923099518,0.550575017929,1e-06,1e-06,100,20000,100.0,1e-19,gtx-980-ti
tyson,1000,16,0,0.099854,0.671899080276,1.18018007278,1e-06,1e-06,100,20000,100.0,1e-19,gtx-980-ti
tyson,10000,16,0,0.480296,3.65285015106,7.50164413452,1e-06,1e-06,100,20000,100.0,1e-19,gtx-980-ti
tyson,100000,16,0,4.399576,33.5307469368,71.6482641697,1e-06,1e-06,100,20000,100.0,1e-19,gtx-980-ti
tyson,10,16,1,0.10608,0.360196828842,0.38082909584,1e-06,1e-06,100,20000,100.0,1e-19,gtx-980-ti
tyson,100,16,1,0.1005,0.420377969742,0.549292087555,1e-06,1e-06,100,20000,100.0,1e-19,gtx-980-ti
tyson,1000,16,1,0.102468,0.706759929657,1.21881198883,1e-06,1e-06,100,20000,100.0,1e-19,gtx-980-ti
tyson,10000,16,1,0.4522,3.59710288048,7.70757198334,1e-06,1e-06,100,20000,100.0,1e-19,gtx-980-ti
tyson,100000,16,1,4.023115,33.0424749851,71.3904139996,1e-06,1e-06,100,20000,100.0,1e-19,gtx-980-ti
tyson,10,16,2,0.098836,0.356647968292,0.382841110229,1e-06,1e-06,100,20000,100.0,1e-19,gtx-980-ti
tyson,100,16,2,0.103441,0.43639588356,0.603796005249,1e-06,1e-06,100,20000,100.0,1e-19,gtx-980-ti
tyson,1000,16,2,0.095831,0.711559057236,1.17977499962,1e-06,1e-06,100,20000,100.0,1e-19,gtx-980-ti
tyson,10000,16,2,0.419697,3.57778596878,7.51794695854,1e-06,1e-06,100,20000,100.0,1e-19,gtx-980-ti
tyson,100000,16,2,3.865697,33.1916768551,71.7901859283,1e-06,1e-06,100,20000,100.0,1e-19,gtx-980-ti
tyson,10,32,0,0.115219,0.322874069214,0.347744226456,1e-06,1e-06,100,20000,100.0,1e-19,gtx-980-ti
tyson,100,32,0,0.11489,0.389533042908,0.528782844543,1e-06,1e-06,100,20000,100.0,1e-19,gtx-980-ti
tyson,1000,32,0,0.110619,0.64120721817,1.15087604523,1e-06,1e-06,100,20000,100.0,1e-19,gtx-980-ti
tyson,10000,32,0,0.460127,3.62635397911,7.72112107277,1e-06,1e-06,100,20000,100.0,1e-19,gtx-980-ti
tyson,100000,32,0,4.475485,33.1593668461,73.8096940517,1e-06,1e-06,100,20000,100.0,1e-19,gtx-980-ti
tyson,10,32,1,0.102508,0.378169059753,0.405134916306,1e-06,1e-06,100,20000,100.0,1e-19,gtx-980-ti
tyson,100,32,1,0.100787,0.417098045349,0.556569099426,1e-06,1e-06,100,20000,100.0,1e-19,gtx-980-ti
tyson,1000,32,1,0.101516,0.68029999733,1.28012394905,1e-06,1e-06,100,20000,100.0,1e-19,gtx-980-ti
tyson,10000,32,1,0.433782,3.56932401657,7.90323591232,1e-06,1e-06,100,20000,100.0,1e-19,gtx-980-ti
tyson,100000,32,1,4.256375,33.6509549618,76.0780360699,1e-06,1e-06,100,20000,100.0,1e-19,gtx-980-ti
tyson,10,32,2,0.098823,0.3263630867,0.35112786293,1e-06,1e-06,100,20000,100.0,1e-19,gtx-980-ti
tyson,100,32,2,0.100217,0.429239988327,0.58575296402,1e-06,1e-06,100,20000,100.0,1e-19,gtx-980-ti
tyson,1000,32,2,0.106318,0.704910993576,1.23986196518,1e-06,1e-06,100,20000,100.0,1e-19,gtx-980-ti
tyson,10000,32,2,0.428649,3.61470794678,7.77896213531,1e-06,1e-06,100,20000,100.0,1e-19,gtx-980-ti
tyson,100000,32,2,4.381987,34.0204172134,75.6869151592,1e-06,1e-06,100,20000,100.0,1e-19,gtx-980-ti
tyson,10,64,0,0.115266,0.311159849167,0.337031126022,1e-06,1e-06,100,20000,100.0,1e-19,gtx-980-ti
tyson,100,64,0,0.122492,0.422257900238,0.554442167282,1e-06,1e-06,100,20000,100.0,1e-19,gtx-980-ti
tyson,1000,64,0,0.124248,0.869966030121,1.430560112,1e-06,1e-06,100,20000,100.0,1e-19,gtx-980-ti
tyson,10000,64,0,0.460911,3.68345499039,7.59062695503,1e-06,1e-06,100,20000,100.0,1e-19,gtx-980-ti
tyson,100000,64,0,4.545215,33.5733311176,72.638698101,1e-06,1e-06,100,20000,100.0,1e-19,gtx-980-ti
tyson,10,64,1,0.106017,0.355572938919,0.384454011917,1e-06,1e-06,100,20000,100.0,1e-19,gtx-980-ti
tyson,100,64,1,0.109053,0.457376003265,0.596315860748,1e-06,1e-06,100,20000,100.0,1e-19,gtx-980-ti
tyson,1000,64,1,0.103045,0.707576990128,1.21971106529,1e-06,1e-06,100,20000,100.0,1e-19,gtx-980-ti
tyson,10000,64,1,0.433147,3.56878089905,7.63709402084,1e-06,1e-06,100,20000,100.0,1e-19,gtx-980-ti
tyson,100000,64,1,4.270203,33.522903204,73.0308179855,1e-06,1e-06,100,20000,100.0,1e-19,gtx-980-ti
tyson,10,64,2,0.099182,0.380646944046,0.399118185043,1e-06,1e-06,100,20000,100.0,1e-19,gtx-980-ti
tyson,100,64,2,0.104187,0.428087949753,0.55858707428,1e-06,1e-06,100,20000,100.0,1e-19,gtx-980-ti
tyson,1000,64,2,0.099643,0.667106151581,1.16439509392,1e-06,1e-06,100,20000,100.0,1e-19,gtx-980-ti
tyson,10000,64,2,0.427229,3.62249684334,7.547727108,1e-06,1e-06,100,20000,100.0,1e-19,gtx-980-ti
tyson,100000,64,2,4.373747,33.0746319294,72.7488307953,1e-06,1e-06,100,20000,100.0,1e-19,gtx-980-ti

ras,10,16,0,4.083028,4.3925819397,4.47899580002,1e-06,1e-06,100,20000,1500.0,1e-19,gtx-980-ti
ras,100,16,0,4.209999,4.65610408783,4.93635201454,1e-06,1e-06,100,20000,1500.0,1e-19,gtx-980-ti
ras,1000,16,0,4.624676,6.40816497803,7.96109008789,1e-06,1e-06,100,20000,1500.0,1e-19,gtx-980-ti
ras,10000,16,0,23.703644,38.5652468204,52.6666040421,1e-06,1e-06,100,20000,1500.0,1e-19,gtx-980-ti
ras,100000,16,0,225.232452,373.241872072,513.954571962,1e-06,1e-06,100,20000,1500.0,1e-19,gtx-980-ti
ras,10,16,1,3.302038,3.61314201355,3.69164204597,1e-06,1e-06,100,20000,1500.0,1e-19,gtx-980-ti
ras,100,16,1,3.393885,3.89059591293,4.1732199192,1e-06,1e-06,100,20000,1500.0,1e-19,gtx-980-ti
ras,1000,16,1,3.769746,5.56842494011,7.13013005257,1e-06,1e-06,100,20000,1500.0,1e-19,gtx-980-ti
ras,10000,16,1,19.784836,34.7724208832,48.8067901134,1e-06,1e-06,100,20000,1500.0,1e-19,gtx-980-ti
ras,100000,16,1,184.072998,330.929105043,474.288840055,1e-06,1e-06,100,20000,1500.0,1e-19,gtx-980-ti
ras,10,16,2,2.920721,3.26555800438,3.35277295113,1e-06,1e-06,100,20000,1500.0,1e-19,gtx-980-ti
ras,100,16,2,2.980734,3.50445604324,3.78449296951,1e-06,1e-06,100,20000,1500.0,1e-19,gtx-980-ti
ras,1000,16,2,3.335183,5.16379189491,6.65022802353,1e-06,1e-06,100,20000,1500.0,1e-19,gtx-980-ti
ras,10000,16,2,17.980259,32.9867529869,47.3216180801,1e-06,1e-06,100,20000,1500.0,1e-19,gtx-980-ti
ras,100000,16,2,169.109772,317.023525953,459.747196913,1e-06,1e-06,100,20000,1500.0,1e-19,gtx-980-ti
ras,10,32,0,4.100722,4.39332604408,4.48295903206,1e-06,1e-06,100,20000,1500.0,1e-19,gtx-980-ti
ras,100,32,0,4.513871,4.98633384705,5.27500104904,1e-06,1e-06,100,20000,1500.0,1e-19,gtx-980-ti
ras,1000,32,0,5.18587,7.33701705933,9.09525299072,1e-06,1e-06,100,20000,1500.0,1e-19,gtx-980-ti
ras,10000,32,0,24.204739,39.0496599674,54.6568129063,1e-06,1e-06,100,20000,1500.0,1e-19,gtx-980-ti
ras,100000,32,0,251.26564,399.497370958,550.293768167,1e-06,1e-06,100,20000,1500.0,1e-19,gtx-980-ti
ras,10,32,1,3.344163,3.65886497498,3.74185585976,1e-06,1e-06,100,20000,1500.0,1e-19,gtx-980-ti
ras,100,32,1,3.61969,4.11938905716,4.40059709549,1e-06,1e-06,100,20000,1500.0,1e-19,gtx-980-ti
ras,1000,32,1,4.176501,6.273001194,7.925812006,1e-06,1e-06,100,20000,1500.0,1e-19,gtx-980-ti
ras,10000,32,1,18.873167,34.0087151527,49.0776388645,1e-06,1e-06,100,20000,1500.0,1e-19,gtx-980-ti
ras,100000,32,1,193.380829,340.313783884,491.756448984,1e-06,1e-06,100,20000,1500.0,1e-19,gtx-980-ti
ras,10,32,2,2.917335,3.25858688354,3.34359097481,1e-06,1e-06,100,20000,1500.0,1e-19,gtx-980-ti
ras,100,32,2,3.177548,3.70124387741,4.00089406967,1e-06,1e-06,100,20000,1500.0,1e-19,gtx-980-ti
ras,1000,32,2,3.741746,5.86095404625,7.48936581612,1e-06,1e-06,100,20000,1500.0,1e-19,gtx-980-ti
ras,10000,32,2,18.119474,32.9651789665,48.3084130287,1e-06,1e-06,100,20000,1500.0,1e-19,gtx-980-ti
ras,100000,32,2,186.651642,333.774294138,487.227622986,1e-06,1e-06,100,20000,1500.0,1e-19,gtx-980-ti
ras,10,64,0,4.109781,4.42283701897,4.50834703445,1e-06,1e-06,100,20000,1500.0,1e-19,gtx-980-ti
ras,100,64,0,4.800924,5.27665781975,5.56474089622,1e-06,1e-06,100,20000,1500.0,1e-19,gtx-980-ti
ras,1000,64,0,5.197039,6.97339892387,8.53499007225,1e-06,1e-06,100,20000,1500.0,1e-19,gtx-980-ti
ras,10000,64,0,24.297083,39.2717959881,53.7388198376,1e-06,1e-06,100,20000,1500.0,1e-19,gtx-980-ti
ras,100000,64,0,251.218414,397.89567399,542.2298522,1e-06,1e-06,100,20000,1500.0,1e-19,gtx-980-ti
ras,10,64,1,3.324272,3.6759250164,3.75750398636,1e-06,1e-06,100,20000,1500.0,1e-19,gtx-980-ti
ras,100,64,1,3.839885,4.3751809597,4.65511202812,1e-06,1e-06,100,20000,1500.0,1e-19,gtx-980-ti
ras,1000,64,1,4.205265,6.03107404709,7.65887713432,1e-06,1e-06,100,20000,1500.0,1e-19,gtx-980-ti
ras,10000,64,1,18.977245,33.92841506,48.0901620388,1e-06,1e-06,100,20000,1500.0,1e-19,gtx-980-ti
ras,100000,64,1,194.290253,342.371040821,485.240514994,1e-06,1e-06,100,20000,1500.0,1e-19,gtx-980-ti
ras,10,64,2,2.917584,3.26512694359,3.34815907478,1e-06,1e-06,100,20000,1500.0,1e-19,gtx-980-ti
ras,100,64,2,3.386926,3.91513800621,4.19475293159,1e-06,1e-06,100,20000,1500.0,1e-19,gtx-980-ti
ras,1000,64,2,3.736449,5.56515884399,7.16740083694,1e-06,1e-06,100,20000,1500.0,1e-19,gtx-980-ti
ras,10000,64,2,18.33193,33.3199391365,47.9565229416,1e-06,1e-06,100,20000,1500.0,1e-19,gtx-980-ti
ras,100000,64,2,187.139725,334.838090181,476.127398014,1e-06,1e-06,100,20000,1500.0,1e-19,gtx-980-ti


earm,10,16,0,5.105937,5.35441184044,5.54657292366,1e-06,1e-06,100,20000,20000.0,1.661e-19,gtx-980-ti
earm,100,16,0,5.427634,5.79229521751,6.05776190758,1e-06,1e-06,100,20000,20000.0,1.661e-19,gtx-980-ti
earm,1000,16,0,6.093526,7.05811190605,8.52256608009,1e-06,1e-06,100,20000,20000.0,1.661e-19,gtx-980-ti
earm,10000,16,0,33.711216,39.390130043,52.7137310505,1e-06,1e-06,100,20000,20000.0,1.661e-19,gtx-980-ti
earm,10,16,1,4.065357,4.33014798164,4.47561907768,1e-06,1e-06,100,20000,20000.0,1.661e-19,gtx-980-ti
earm,100,16,1,4.284257,4.67253112793,4.99538707733,1e-06,1e-06,100,20000,20000.0,1.661e-19,gtx-980-ti
earm,1000,16,1,4.859078,5.70814609528,7.20675301552,1e-06,1e-06,100,20000,20000.0,1.661e-19,gtx-980-ti
earm,10000,16,1,26.971544,32.5709888935,45.8938851357,1e-06,1e-06,100,20000,20000.0,1.661e-19,gtx-980-ti
earm,10,16,2,3.539722,3.79180908203,3.85356402397,1e-06,1e-06,100,20000,20000.0,1.661e-19,gtx-980-ti
earm,100,16,2,3.702497,4.05388593674,4.40292406082,1e-06,1e-06,100,20000,20000.0,1.661e-19,gtx-980-ti
earm,1000,16,2,4.254494,5.07221698761,6.61372804642,1e-06,1e-06,100,20000,20000.0,1.661e-19,gtx-980-ti
earm,10000,16,2,24.824768,30.504057169,43.9810459614,1e-06,1e-06,100,20000,20000.0,1.661e-19,gtx-980-ti
earm,10,32,0,5.168909,5.40483808517,5.47994804382,1e-06,1e-06,100,20000,20000.0,1.661e-19,gtx-980-ti
earm,100,32,0,5.90219,6.21499896049,6.47407197952,1e-06,1e-06,100,20000,20000.0,1.661e-19,gtx-980-ti
earm,1000,32,0,6.934216,7.71060299873,9.19920301437,1e-06,1e-06,100,20000,20000.0,1.661e-19,gtx-980-ti
earm,10000,32,0,36.395126,41.9879310131,54.9489300251,1e-06,1e-06,100,20000,20000.0,1.661e-19,gtx-980-ti
earm,10,32,1,4.10854,4.3456299305,4.39761090279,1e-06,1e-06,100,20000,20000.0,1.661e-19,gtx-980-ti
earm,100,32,1,4.61779,4.91361904144,5.16692495346,1e-06,1e-06,100,20000,20000.0,1.661e-19,gtx-980-ti
earm,1000,32,1,5.439189,6.25831198692,7.78278303146,1e-06,1e-06,100,20000,20000.0,1.661e-19,gtx-980-ti
earm,10000,32,1,29.46623,35.0278201103,48.0222170353,1e-06,1e-06,100,20000,20000.0,1.661e-19,gtx-980-ti
earm,10,32,2,3.542388,3.78169298172,3.83380293846,1e-06,1e-06,100,20000,20000.0,1.661e-19,gtx-980-ti
earm,100,32,2,3.964285,4.29559993744,4.58495092392,1e-06,1e-06,100,20000,20000.0,1.661e-19,gtx-980-ti
earm,1000,32,2,4.822831,5.64399695396,7.07131004333,1e-06,1e-06,100,20000,20000.0,1.661e-19,gtx-980-ti
earm,10000,32,2,26.299562,31.990653038,45.0642530918,1e-06,1e-06,100,20000,20000.0,1.661e-19,gtx-980-ti
earm,10,64,0,5.115469,5.41028690338,5.46991920471,1e-06,1e-06,100,20000,20000.0,1.661e-19,gtx-980-ti
earm,100,64,0,6.301574,6.69645595551,6.98984289169,1e-06,1e-06,100,20000,20000.0,1.661e-19,gtx-980-ti
earm,1000,64,0,6.870796,7.76282382011,9.25913596153,1e-06,1e-06,100,20000,20000.0,1.661e-19,gtx-980-ti
earm,10000,64,0,36.555622,42.2033839226,55.5525078773,1e-06,1e-06,100,20000,20000.0,1.661e-19,gtx-980-ti
earm,10,64,1,4.105738,4.39528203011,4.45158290863,1e-06,1e-06,100,20000,20000.0,1.661e-19,gtx-980-ti
earm,100,64,1,4.929362,5.2829720974,5.53905892372,1e-06,1e-06,100,20000,20000.0,1.661e-19,gtx-980-ti
earm,1000,64,1,5.452911,6.33773803711,7.83693599701,1e-06,1e-06,100,20000,20000.0,1.661e-19,gtx-980-ti
earm,10000,64,1,29.830233,35.4949579239,49.0007600784,1e-06,1e-06,100,20000,20000.0,1.661e-19,gtx-980-ti
earm,10,64,2,3.521638,3.81731700897,3.8700170517,1e-06,1e-06,100,20000,20000.0,1.661e-19,gtx-980-ti
earm,100,64,2,4.269987,4.65530395508,4.97038412094,1e-06,1e-06,100,20000,20000.0,1.661e-19,gtx-980-ti
earm,1000,64,2,4.812057,5.67943716049,7.19795799255,1e-06,1e-06,100,20000,20000.0,1.661e-19,gtx-980-ti
earm,10000,64,2,26.563324,32.152479887,45.7619388103,1e-06,1e-06,100,20000,20000.0,1.661e-19,gtx-980-ti

# mule
tyson,10,16,0,0.104384,0.295319080353,0.301651000977,1e-06,1e-06,100,20000,100.0,1e-19,gtx-970
tyson,100,16,0,0.09567,0.259296894073,0.291258811951,1e-06,1e-06,100,20000,100.0,1e-19,gtx-970
tyson,1000,16,0,0.103988,0.489602088928,0.78297996521,1e-06,1e-06,100,20000,100.0,1e-19,gtx-970
tyson,10000,16,0,0.807352,3.44181513786,6.4058470726,1e-06,1e-06,100,20000,100.0,1e-19,gtx-970
tyson,100000,16,0,7.179591,32.2129499912,61.8767468929,1e-06,1e-06,100,20000,100.0,1e-19,gtx-970
tyson,10,16,1,0.097798,0.269820928574,0.285379171371,1e-06,1e-06,100,20000,100.0,1e-19,gtx-970
tyson,100,16,1,0.091133,0.270746946335,0.302159070969,1e-06,1e-06,100,20000,100.0,1e-19,gtx-970
tyson,1000,16,1,0.100579,0.499597787857,0.794796228409,1e-06,1e-06,100,20000,100.0,1e-19,gtx-970
tyson,10000,16,1,0.745621,3.29471516609,6.30152893066,1e-06,1e-06,100,20000,100.0,1e-19,gtx-970
tyson,100000,16,1,6.596968,31.8523910046,61.3991820812,1e-06,1e-06,100,20000,100.0,1e-19,gtx-970
tyson,10,16,2,0.08972,0.261626958847,0.267326831818,1e-06,1e-06,100,20000,100.0,1e-19,gtx-970
tyson,100,16,2,0.079925,0.260193109512,0.291418075562,1e-06,1e-06,100,20000,100.0,1e-19,gtx-970
tyson,1000,16,2,0.088983,0.488245010376,0.782480955124,1e-06,1e-06,100,20000,100.0,1e-19,gtx-970
tyson,10000,16,2,0.697632,3.29294705391,6.23455405235,1e-06,1e-06,100,20000,100.0,1e-19,gtx-970
tyson,100000,16,2,6.220216,31.2424190044,60.7368729115,1e-06,1e-06,100,20000,100.0,1e-19,gtx-970
tyson,10,32,0,0.106257,0.263918876648,0.269778013229,1e-06,1e-06,100,20000,100.0,1e-19,gtx-970
tyson,100,32,0,0.107317,0.282632112503,0.314686775208,1e-06,1e-06,100,20000,100.0,1e-19,gtx-970
tyson,1000,32,0,0.114421,0.508409023285,0.809659957886,1e-06,1e-06,100,20000,100.0,1e-19,gtx-970
tyson,10000,32,0,0.840833,3.46111011505,6.49653983116,1e-06,1e-06,100,20000,100.0,1e-19,gtx-970
tyson,100000,32,0,7.289507,32.4760370255,63.0133559704,1e-06,1e-06,100,20000,100.0,1e-19,gtx-970
tyson,10,32,1,0.097805,0.268514871597,0.274170160294,1e-06,1e-06,100,20000,100.0,1e-19,gtx-970
tyson,100,32,1,0.108263,0.286680936813,0.318510055542,1e-06,1e-06,100,20000,100.0,1e-19,gtx-970
tyson,1000,32,1,0.109351,0.512265920639,0.809429883957,1e-06,1e-06,100,20000,100.0,1e-19,gtx-970
tyson,10000,32,1,0.802897,3.50825285912,6.53460717201,1e-06,1e-06,100,20000,100.0,1e-19,gtx-970
tyson,100000,32,1,6.954213,32.2975809574,62.6168899536,1e-06,1e-06,100,20000,100.0,1e-19,gtx-970
tyson,10,32,2,0.091187,0.262482881546,0.267934083939,1e-06,1e-06,100,20000,100.0,1e-19,gtx-970
tyson,100,32,2,0.097389,0.277362823486,0.309036970139,1e-06,1e-06,100,20000,100.0,1e-19,gtx-970
tyson,1000,32,2,0.100486,0.50005197525,0.795844078064,1e-06,1e-06,100,20000,100.0,1e-19,gtx-970
tyson,10000,32,2,0.785708,3.45078992844,6.44411015511,1e-06,1e-06,100,20000,100.0,1e-19,gtx-970
tyson,100000,32,2,7.037149,32.2107069492,62.3967490196,1e-06,1e-06,100,20000,100.0,1e-19,gtx-970
tyson,10,64,0,0.107035,0.266014099121,0.271678924561,1e-06,1e-06,100,20000,100.0,1e-19,gtx-970
tyson,100,64,0,0.105791,0.272113084793,0.303467988968,1e-06,1e-06,100,20000,100.0,1e-19,gtx-970
tyson,1000,64,0,0.115634,0.50808095932,0.805908918381,1e-06,1e-06,100,20000,100.0,1e-19,gtx-970
tyson,10000,64,0,0.856293,3.50013709068,6.4831430912,1e-06,1e-06,100,20000,100.0,1e-19,gtx-970
tyson,100000,64,0,7.337698,32.7271080017,63.3612680435,1e-06,1e-06,100,20000,100.0,1e-19,gtx-970
tyson,10,64,1,0.097752,0.274228811264,0.27956199646,1e-06,1e-06,100,20000,100.0,1e-19,gtx-970
tyson,100,64,1,0.103267,0.287123203278,0.318517208099,1e-06,1e-06,100,20000,100.0,1e-19,gtx-970
tyson,1000,64,1,0.112054,0.515038967133,0.812945842743,1e-06,1e-06,100,20000,100.0,1e-19,gtx-970
tyson,10000,64,1,0.806987,3.44556689262,6.42538309097,1e-06,1e-06,100,20000,100.0,1e-19,gtx-970
tyson,100000,64,1,6.976546,31.8446099758,61.6084849834,1e-06,1e-06,100,20000,100.0,1e-19,gtx-970
tyson,10,64,2,0.091159,0.270125865936,0.275504112244,1e-06,1e-06,100,20000,100.0,1e-19,gtx-970
tyson,100,64,2,0.105764,0.292154073715,0.323317050934,1e-06,1e-06,100,20000,100.0,1e-19,gtx-970
tyson,1000,64,2,0.104107,0.530472993851,0.827152967453,1e-06,1e-06,100,20000,100.0,1e-19,gtx-970
tyson,10000,64,2,0.790565,3.47190904617,6.42089819908,1e-06,1e-06,100,20000,100.0,1e-19,gtx-970
tyson,100000,64,2,7.02241,32.2990169525,62.0008089542,1e-06,1e-06,100,20000,100.0,1e-19,gtx-970

ras,10,16,0,4.253592,4.43695497513,4.45230197906,1e-06,1e-06,100,20000,1500.0,1e-19,gtx-970
ras,100,16,0,4.356598,4.64288687706,4.75366806984,1e-06,1e-06,100,20000,1500.0,1e-19,gtx-970
ras,1000,16,0,5.283813,6.75146889687,7.84130811691,1e-06,1e-06,100,20000,1500.0,1e-19,gtx-970
ras,10000,16,0,41.566132,54.7068378925,65.5937130451,1e-06,1e-06,100,20000,1500.0,1e-19,gtx-970
ras,100000,16,0,0.0,93.1491940022,186.277966022,1e-06,1e-06,100,20000,1500.0,1e-19,gtx-970
ras,10,16,1,3.480236,3.67833900452,3.69361591339,1e-06,1e-06,100,20000,1500.0,1e-19,gtx-970
ras,100,16,1,3.551655,3.85389900208,3.96426391602,1e-06,1e-06,100,20000,1500.0,1e-19,gtx-970
ras,1000,16,1,4.368112,5.85730290413,6.93392586708,1e-06,1e-06,100,20000,1500.0,1e-19,gtx-970
ras,10000,16,1,34.885384,48.1361179352,58.9859290123,1e-06,1e-06,100,20000,1500.0,1e-19,gtx-970
ras,10,16,2,3.083196,3.27984595299,3.29518699646,1e-06,1e-06,100,20000,1500.0,1e-19,gtx-970
ras,100,16,2,3.128659,3.4290831089,3.53986001015,1e-06,1e-06,100,20000,1500.0,1e-19,gtx-970
ras,1000,16,2,3.881733,5.34323501587,6.41415810585,1e-06,1e-06,100,20000,1500.0,1e-19,gtx-970
ras,10000,16,2,32.190784,45.4662890434,56.3949091434,1e-06,1e-06,100,20000,1500.0,1e-19,gtx-970
ras,100000,16,2,,,,1e-06,1e-06,100,20000,1500.0,1e-19,gtx-970
ras,10,32,0,4.25817,4.44089698792,4.49509191513,1e-06,1e-06,100,20000,1500.0,1e-19,gtx-970
ras,100,32,0,4.690635,4.97563195229,5.08880710602,1e-06,1e-06,100,20000,1500.0,1e-19,gtx-970
ras,1000,32,0,5.756151,7.33637714386,8.43594503403,1e-06,1e-06,100,20000,1500.0,1e-19,gtx-970
ras,10000,32,0,47.539768,60.8317389488,71.8657290936,1e-06,1e-06,100,20000,1500.0,1e-19,gtx-970
ras,10,32,1,3.476328,3.68386602402,3.69994401932,1e-06,1e-06,100,20000,1500.0,1e-19,gtx-970
ras,100,32,1,3.796019,4.10437679291,4.21805500984,1e-06,1e-06,100,20000,1500.0,1e-19,gtx-970
ras,1000,32,1,4.6948,6.30813908577,7.40516901016,1e-06,1e-06,100,20000,1500.0,1e-19,gtx-970
ras,10000,32,1,37.156498,50.4316470623,61.5613698959,1e-06,1e-06,100,20000,1500.0,1e-19,gtx-970
ras,10,32,2,3.064918,3.26837515831,3.28415799141,1e-06,1e-06,100,20000,1500.0,1e-19,gtx-970
ras,100,32,2,3.349711,3.65736818314,3.77003097534,1e-06,1e-06,100,20000,1500.0,1e-19,gtx-970
ras,1000,32,2,4.23107,5.84661412239,6.9464571476,1e-06,1e-06,100,20000,1500.0,1e-19,gtx-970
ras,10000,32,2,35.151783,48.4274399281,59.5453660488,1e-06,1e-06,100,20000,1500.0,1e-19,gtx-970
ras,10,64,0,4.256824,4.44579005241,4.46110701561,1e-06,1e-06,100,20000,1500.0,1e-19,gtx-970
ras,100,64,0,5.002513,5.30561304092,5.41610503197,1e-06,1e-06,100,20000,1500.0,1e-19,gtx-970
ras,1000,64,0,5.849288,7.29787707329,8.38094091415,1e-06,1e-06,100,20000,1500.0,1e-19,gtx-970
ras,10000,64,0,47.696724,60.9865410328,71.7934169769,1e-06,1e-06,100,20000,1500.0,1e-19,gtx-970
ras,10,64,1,3.488333,3.70238399506,3.71765089035,1e-06,1e-06,100,20000,1500.0,1e-19,gtx-970
ras,100,64,1,4.03325,4.3569278717,4.4677298069,1e-06,1e-06,100,20000,1500.0,1e-19,gtx-970
ras,1000,64,1,4.765987,6.24605584145,7.31508898735,1e-06,1e-06,100,20000,1500.0,1e-19,gtx-970
ras,10000,64,1,37.1241,50.3376350403,61.2066609859,1e-06,1e-06,100,20000,1500.0,1e-19,gtx-970
ras,10,64,2,3.066027,3.27849817276,3.2936360836,1e-06,1e-06,100,20000,1500.0,1e-19,gtx-970
ras,100,64,2,3.567257,3.89347791672,4.00449514389,1e-06,1e-06,100,20000,1500.0,1e-19,gtx-970
ras,1000,64,2,4.273261,5.76847481728,6.84322309494,1e-06,1e-06,100,20000,1500.0,1e-19,gtx-970
ras,10000,64,2,35.197105,48.3303990364,59.1527218819,1e-06,1e-06,100,20000,1500.0,1e-19,gtx-970

earm,10,16,0,4.659441,4.84972810745,4.86864590645,1e-06,1e-06,100,20000,20000.0,1.661e-19,gtx-970
earm,100,16,0,4.976662,5.19488096237,5.3020131588,1e-06,1e-06,100,20000,20000.0,1.661e-19,gtx-970
earm,1000,16,0,6.317375,6.96982502937,7.96954393387,1e-06,1e-06,100,20000,20000.0,1.661e-19,gtx-970
earm,10000,16,0,52.448009,57.3742311001,67.4514791965,1e-06,1e-06,100,20000,20000.0,1.661e-19,gtx-970
earm,10,16,1,3.705742,3.88292384148,3.90190196037,1e-06,1e-06,100,20000,20000.0,1.661e-19,gtx-970
earm,100,16,1,3.937947,4.15754699707,4.26433181763,1e-06,1e-06,100,20000,20000.0,1.661e-19,gtx-970
earm,1000,16,1,5.147177,5.78023695946,6.78418779373,1e-06,1e-06,100,20000,20000.0,1.661e-19,gtx-970
earm,10000,16,1,42.547272,47.4278049469,57.5263462067,1e-06,1e-06,100,20000,20000.0,1.661e-19,gtx-970
earm,10,16,2,3.202304,3.38085794449,3.39996600151,1e-06,1e-06,100,20000,20000.0,1.661e-19,gtx-970
earm,100,16,2,3.383529,3.60262203217,3.71078681946,1e-06,1e-06,100,20000,20000.0,1.661e-19,gtx-970
earm,1000,16,2,4.485781,5.12264704704,6.12062215805,1e-06,1e-06,100,20000,20000.0,1.661e-19,gtx-970
earm,10000,16,2,37.616077,42.6505110264,52.7049911022,1e-06,1e-06,100,20000,20000.0,1.661e-19,gtx-970
earm,10,32,0,4.62602,4.83686995506,4.85645604134,1e-06,1e-06,100,20000,20000.0,1.661e-19,gtx-970
earm,100,32,0,5.34624,5.58291220665,5.69105505943,1e-06,1e-06,100,20000,20000.0,1.661e-19,gtx-970
earm,1000,32,0,6.978764,7.64194202423,8.64322805405,1e-06,1e-06,100,20000,20000.0,1.661e-19,gtx-970
earm,10000,32,0,61.284042,66.3405411243,76.4410610199,1e-06,1e-06,100,20000,20000.0,1.661e-19,gtx-970
earm,10,32,1,3.700487,3.88339185715,3.90259099007,1e-06,1e-06,100,20000,20000.0,1.661e-19,gtx-970
earm,100,32,1,4.19052,4.41564822197,4.5245141983,1e-06,1e-06,100,20000,20000.0,1.661e-19,gtx-970
earm,1000,32,1,5.669172,6.31223297119,7.31153512001,1e-06,1e-06,100,20000,20000.0,1.661e-19,gtx-970
earm,10000,32,1,44.164722,48.9788358212,59.0302901268,1e-06,1e-06,100,20000,20000.0,1.661e-19,gtx-970
earm,10,32,2,3.204442,3.38764500618,3.40655684471,1e-06,1e-06,100,20000,20000.0,1.661e-19,gtx-970
earm,100,32,2,3.614342,3.83999204636,3.94875121117,1e-06,1e-06,100,20000,20000.0,1.661e-19,gtx-970
earm,1000,32,2,5.0129,5.65676689148,6.65196204185,1e-06,1e-06,100,20000,20000.0,1.661e-19,gtx-970
earm,10000,32,2,38.812767,44.0326459408,54.1516330242,1e-06,1e-06,100,20000,20000.0,1.661e-19,gtx-970
earm,10,64,0,4.648592,4.853484869,4.87213206291,1e-06,1e-06,100,20000,20000.0,1.661e-19,gtx-970
earm,100,64,0,5.794547,6.03231191635,6.13730311394,1e-06,1e-06,100,20000,20000.0,1.661e-19,gtx-970
earm,1000,64,0,7.059884,7.71536111832,8.7026450634,1e-06,1e-06,100,20000,20000.0,1.661e-19,gtx-970
earm,10000,64,0,61.335968,66.248748064,76.1949100494,1e-06,1e-06,100,20000,20000.0,1.661e-19,gtx-970
earm,10,64,1,3.690073,3.88202786446,3.90087389946,1e-06,1e-06,100,20000,20000.0,1.661e-19,gtx-970
earm,100,64,1,4.521928,4.75872588158,4.86386203766,1e-06,1e-06,100,20000,20000.0,1.661e-19,gtx-970
earm,1000,64,1,5.706059,6.39944505692,7.42700195312,1e-06,1e-06,100,20000,20000.0,1.661e-19,gtx-970
earm,10000,64,1,44.793533,49.5902450085,59.5136971474,1e-06,1e-06,100,20000,20000.0,1.661e-19,gtx-970
earm,10,64,2,3.211424,3.40487289429,3.4238550663,1e-06,1e-06,100,20000,20000.0,1.661e-19,gtx-970
earm,100,64,2,3.93362,4.17180895805,4.27769804001,1e-06,1e-06,100,20000,20000.0,1.661e-19,gtx-970
earm,1000,64,2,5.066251,5.72549986839,6.70617485046,1e-06,1e-06,100,20000,20000.0,1.661e-19,gtx-970
earm,10000,64,2,39.018616,43.932913065,53.7814359665,1e-06,1e-06,100,20000,20000.0,1.661e-19,gtx-970

#mule 1080
tyson,10,20,0,0.065147,0.332902908325,0.338441133499,1e-06,1e-06,100,20000,100.0,1e-19,gtx-1080
tyson,100,20,0,0.068583,0.342204093933,0.373159170151,1e-06,1e-06,100,20000,100.0,1e-19,gtx-1080
tyson,1000,20,0,0.071712,0.511078119278,0.796901941299,1e-06,1e-06,100,20000,100.0,1e-19,gtx-1080
tyson,10000,20,0,0.525164,2.61375308037,5.5147960186,1e-06,1e-06,100,20000,100.0,1e-19,gtx-1080
tyson,100000,20,0,4.488886,23.2879810333,52.4350647926,1e-06,1e-06,100,20000,100.0,1e-19,gtx-1080
tyson,10,20,1,0.059341,0.338150024414,0.343372106552,1e-06,1e-06,100,20000,100.0,1e-19,gtx-1080
tyson,100,20,1,0.062283,0.354614973068,0.400149106979,1e-06,1e-06,100,20000,100.0,1e-19,gtx-1080
tyson,1000,20,1,0.066728,0.529901027679,0.833273887634,1e-06,1e-06,100,20000,100.0,1e-19,gtx-1080
tyson,10000,20,1,0.497014,2.59001803398,5.52983903885,1e-06,1e-06,100,20000,100.0,1e-19,gtx-1080
tyson,100000,20,1,4.262458,23.0251991749,51.8623120785,1e-06,1e-06,100,20000,100.0,1e-19,gtx-1080
tyson,10,20,2,0.055509,0.342810869217,0.348128080368,1e-06,1e-06,100,20000,100.0,1e-19,gtx-1080
tyson,100,20,2,0.058377,0.350629806519,0.381124019623,1e-06,1e-06,100,20000,100.0,1e-19,gtx-1080
tyson,1000,20,2,0.062541,0.525907039642,0.81553196907,1e-06,1e-06,100,20000,100.0,1e-19,gtx-1080
tyson,10000,20,2,0.496883,2.6434481144,5.49079108238,1e-06,1e-06,100,20000,100.0,1e-19,gtx-1080
tyson,100000,20,2,4.315917,22.9751081467,51.6612591743,1e-06,1e-06,100,20000,100.0,1e-19,gtx-1080

tyson,10,16,0,0.066101,0.352649927139,0.358242988586,1e-06,1e-06,100,20000,100.0,1e-19,gtx-1080
tyson,100,16,0,0.066637,0.336519002914,0.367316961288,1e-06,1e-06,100,20000,100.0,1e-19,gtx-1080
tyson,1000,16,0,0.074863,0.510909795761,0.799821138382,1e-06,1e-06,100,20000,100.0,1e-19,gtx-1080
tyson,10000,16,0,0.454092,2.54589486122,5.45169615746,1e-06,1e-06,100,20000,100.0,1e-19,gtx-1080
tyson,100000,16,0,4.235713,22.806014061,51.5437300205,1e-06,1e-06,100,20000,100.0,1e-19,gtx-1080
tyson,10,16,1,0.059643,0.350361824036,0.355623006821,1e-06,1e-06,100,20000,100.0,1e-19,gtx-1080
tyson,100,16,1,0.060765,0.340326070786,0.371774196625,1e-06,1e-06,100,20000,100.0,1e-19,gtx-1080
tyson,1000,16,1,0.06573,0.51510310173,0.81209897995,1e-06,1e-06,100,20000,100.0,1e-19,gtx-1080
tyson,10000,16,1,0.430944,2.51790094376,5.63685894012,1e-06,1e-06,100,20000,100.0,1e-19,gtx-1080
tyson,100000,16,1,3.993017,22.6110949516,52.0377440453,1e-06,1e-06,100,20000,100.0,1e-19,gtx-1080
tyson,10,16,2,0.055591,0.352771997452,0.358153820038,1e-06,1e-06,100,20000,100.0,1e-19,gtx-1080
tyson,100,16,2,0.056871,0.336913824081,0.36793088913,1e-06,1e-06,100,20000,100.0,1e-19,gtx-1080
tyson,1000,16,2,0.061729,0.510408163071,0.804702997208,1e-06,1e-06,100,20000,100.0,1e-19,gtx-1080
tyson,10000,16,2,0.422384,2.50909495354,5.45152902603,1e-06,1e-06,100,20000,100.0,1e-19,gtx-1080
tyson,100000,16,2,3.93914,22.5607361794,52.183095932,1e-06,1e-06,100,20000,100.0,1e-19,gtx-1080
tyson,10,32,0,0.065121,0.329753875732,0.335678100586,1e-06,1e-06,100,20000,100.0,1e-19,gtx-1080
tyson,100,32,0,0.069902,0.342136144638,0.372596025467,1e-06,1e-06,100,20000,100.0,1e-19,gtx-1080
tyson,1000,32,0,0.073708,0.509438991547,0.795501947403,1e-06,1e-06,100,20000,100.0,1e-19,gtx-1080
tyson,10000,32,0,0.66672,2.74767994881,5.62349700928,1e-06,1e-06,100,20000,100.0,1e-19,gtx-1080
tyson,100000,32,0,6.557095,25.2303700447,54.0462617874,1e-06,1e-06,100,20000,100.0,1e-19,gtx-1080
tyson,10,32,1,0.059335,0.332463026047,0.338027954102,1e-06,1e-06,100,20000,100.0,1e-19,gtx-1080
tyson,100,32,1,0.063585,0.344202041626,0.390110015869,1e-06,1e-06,100,20000,100.0,1e-19,gtx-1080
tyson,1000,32,1,0.070241,0.531203985214,0.821413040161,1e-06,1e-06,100,20000,100.0,1e-19,gtx-1080
tyson,10000,32,1,0.62416,2.71464109421,5.62874913216,1e-06,1e-06,100,20000,100.0,1e-19,gtx-1080
tyson,100000,32,1,6.100519,24.722730875,53.493062973,1e-06,1e-06,100,20000,100.0,1e-19,gtx-1080
tyson,10,32,2,0.055508,0.330778121948,0.336301088333,1e-06,1e-06,100,20000,100.0,1e-19,gtx-1080
tyson,100,32,2,0.059526,0.340389966965,0.370615005493,1e-06,1e-06,100,20000,100.0,1e-19,gtx-1080
tyson,1000,32,2,0.065997,0.513002157211,0.814355134964,1e-06,1e-06,100,20000,100.0,1e-19,gtx-1080
tyson,10000,32,2,0.614272,2.70471906662,5.59062385559,1e-06,1e-06,100,20000,100.0,1e-19,gtx-1080
tyson,100000,32,2,5.987006,24.5434548855,53.3242571354,1e-06,1e-06,100,20000,100.0,1e-19,gtx-1080
tyson,10,64,0,0.06539,0.334537982941,0.340360164642,1e-06,1e-06,100,20000,100.0,1e-19,gtx-1080
tyson,100,64,0,0.072098,0.353422880173,0.384155035019,1e-06,1e-06,100,20000,100.0,1e-19,gtx-1080
tyson,1000,64,0,0.072652,0.509958982468,0.795295000076,1e-06,1e-06,100,20000,100.0,1e-19,gtx-1080
tyson,10000,64,0,0.667608,2.76472496986,5.63998103142,1e-06,1e-06,100,20000,100.0,1e-19,gtx-1080
tyson,100000,64,0,6.545491,25.2671968937,53.9273819923,1e-06,1e-06,100,20000,100.0,1e-19,gtx-1080
tyson,10,64,1,0.059333,0.339893102646,0.345682144165,1e-06,1e-06,100,20000,100.0,1e-19,gtx-1080
tyson,100,64,1,0.065312,0.352267026901,0.3829600811,1e-06,1e-06,100,20000,100.0,1e-19,gtx-1080
tyson,1000,64,1,0.070132,0.521773099899,0.809435129166,1e-06,1e-06,100,20000,100.0,1e-19,gtx-1080
tyson,10000,64,1,0.624626,2.7179210186,5.63017010689,1e-06,1e-06,100,20000,100.0,1e-19,gtx-1080
tyson,100000,64,1,6.090116,24.7180440426,53.4161169529,1e-06,1e-06,100,20000,100.0,1e-19,gtx-1080
tyson,10,64,2,0.055516,0.332090854645,0.337604045868,1e-06,1e-06,100,20000,100.0,1e-19,gtx-1080
tyson,100,64,2,0.061246,0.359536170959,0.389676809311,1e-06,1e-06,100,20000,100.0,1e-19,gtx-1080
tyson,1000,64,2,0.065911,0.515243053436,0.80569601059,1e-06,1e-06,100,20000,100.0,1e-19,gtx-1080
tyson,10000,64,2,0.612471,2.71184802055,5.68356990814,1e-06,1e-06,100,20000,100.0,1e-19,gtx-1080
tyson,100000,64,2,5.968333,24.5306680202,53.0968499184,1e-06,1e-06,100,20000,100.0,1e-19,gtx-1080

ras,10,16,0,2.612789,2.91618013382,2.93109893799,1e-06,1e-06,100,20000,1500.0,1e-19,gtx-1080
ras,100,16,0,2.648278,3.0136449337,3.12296104431,1e-06,1e-06,100,20000,1500.0,1e-19,gtx-1080
ras,1000,16,0,3.395216,4.66130805016,5.72093987465,1e-06,1e-06,100,20000,1500.0,1e-19,gtx-1080
ras,10000,16,0,28.481497,38.9835259914,49.5896689892,1e-06,1e-06,100,20000,1500.0,1e-19,gtx-1080
ras,100000,16,0,283.18811,382.700417995,488.192941189,1e-06,1e-06,100,20000,1500.0,1e-19,gtx-1080
ras,10,16,1,2.163733,2.46464395523,2.47947001457,1e-06,1e-06,100,20000,1500.0,1e-19,gtx-1080
ras,100,16,1,2.158585,2.53882884979,2.64817094803,1e-06,1e-06,100,20000,1500.0,1e-19,gtx-1080
ras,1000,16,1,2.905568,4.17015385628,5.22502207756,1e-06,1e-06,100,20000,1500.0,1e-19,gtx-1080
ras,10000,16,1,23.654552,33.6921439171,44.2512099743,1e-06,1e-06,100,20000,1500.0,1e-19,gtx-1080
ras,100000,16,1,233.908875,333.295529127,438.948041916,1e-06,1e-06,100,20000,1500.0,1e-19,gtx-1080
ras,10,16,2,1.895208,2.19539880753,2.21109986305,1e-06,1e-06,100,20000,1500.0,1e-19,gtx-1080
ras,100,16,2,1.900031,2.27795505524,2.38707900047,1e-06,1e-06,100,20000,1500.0,1e-19,gtx-1080
ras,1000,16,2,2.620232,3.87859296799,4.9362039566,1e-06,1e-06,100,20000,1500.0,1e-19,gtx-1080
ras,10000,16,2,22.112312,32.1764400005,42.7053639889,1e-06,1e-06,100,20000,1500.0,1e-19,gtx-1080
ras,100000,16,2,222.097504,321.112253904,427.139816999,1e-06,1e-06,100,20000,1500.0,1e-19,gtx-1080
ras,10,32,0,2.623101,2.91393995285,2.92883610725,1e-06,1e-06,100,20000,1500.0,1e-19,gtx-1080
ras,100,32,0,2.77521,3.13847994804,3.24580097198,1e-06,1e-06,100,20000,1500.0,1e-19,gtx-1080
ras,1000,32,0,3.658659,5.04185795784,6.07473993301,1e-06,1e-06,100,20000,1500.0,1e-19,gtx-1080
ras,10000,32,0,42.783726,52.8518049717,63.1443428993,1e-06,1e-06,100,20000,1500.0,1e-19,gtx-1080
ras,100000,32,0,430.288483,529.961847067,633.932847023,1e-06,1e-06,100,20000,1500.0,1e-19,gtx-1080
ras,10,32,1,2.161541,2.46925091743,2.48392486572,1e-06,1e-06,100,20000,1500.0,1e-19,gtx-1080
ras,100,32,1,2.250848,2.63370490074,2.74029302597,1e-06,1e-06,100,20000,1500.0,1e-19,gtx-1080
ras,1000,32,1,3.137162,4.54689002037,5.57793402672,1e-06,1e-06,100,20000,1500.0,1e-19,gtx-1080
ras,10000,32,1,29.350445,39.3929719925,49.7622978687,1e-06,1e-06,100,20000,1500.0,1e-19,gtx-1080
ras,100000,32,1,295.241455,394.168287992,497.439045906,1e-06,1e-06,100,20000,1500.0,1e-19,gtx-1080
ras,10,32,2,1.900924,2.20768904686,2.22253298759,1e-06,1e-06,100,20000,1500.0,1e-19,gtx-1080
ras,100,32,2,1.981009,2.36175203323,2.46832990646,1e-06,1e-06,100,20000,1500.0,1e-19,gtx-1080
ras,1000,32,2,2.849451,4.25872612,5.29090309143,1e-06,1e-06,100,20000,1500.0,1e-19,gtx-1080
ras,10000,32,2,27.853825,37.9675951004,48.3562309742,1e-06,1e-06,100,20000,1500.0,1e-19,gtx-1080
ras,100000,32,2,280.807678,380.369122982,483.777452946,1e-06,1e-06,100,20000,1500.0,1e-19,gtx-1080
ras,10,64,0,2.618604,2.90354919434,2.9187309742,1e-06,1e-06,100,20000,1500.0,1e-19,gtx-1080
ras,100,64,0,2.886249,3.25223207474,3.3588180542,1e-06,1e-06,100,20000,1500.0,1e-19,gtx-1080
ras,1000,64,0,3.669701,4.91961812973,5.97376799583,1e-06,1e-06,100,20000,1500.0,1e-19,gtx-1080
ras,10000,64,0,42.995964,53.0580358505,63.4526920319,1e-06,1e-06,100,20000,1500.0,1e-19,gtx-1080
ras,100000,64,0,430.036926,529.118258953,632.800335169,1e-06,1e-06,100,20000,1500.0,1e-19,gtx-1080
ras,10,64,1,2.153378,2.47024798393,2.48481297493,1e-06,1e-06,100,20000,1500.0,1e-19,gtx-1080
ras,100,64,1,2.328565,2.72266197205,2.82971715927,1e-06,1e-06,100,20000,1500.0,1e-19,gtx-1080
ras,1000,64,1,3.158993,4.43403100967,5.46389889717,1e-06,1e-06,100,20000,1500.0,1e-19,gtx-1080
ras,10000,64,1,29.462908,39.5387609005,49.8900091648,1e-06,1e-06,100,20000,1500.0,1e-19,gtx-1080
ras,100000,64,1,294.983154,394.155614853,497.649595022,1e-06,1e-06,100,20000,1500.0,1e-19,gtx-1080
ras,10,64,2,1.89833,2.20919394493,2.22377586365,1e-06,1e-06,100,20000,1500.0,1e-19,gtx-1080
ras,100,64,2,2.054262,2.44613814354,2.55298495293,1e-06,1e-06,100,20000,1500.0,1e-19,gtx-1080
ras,1000,64,2,2.876785,4.15662789345,5.19358110428,1e-06,1e-06,100,20000,1500.0,1e-19,gtx-1080
ras,10000,64,2,27.942192,38.0197589397,48.3886630535,1e-06,1e-06,100,20000,1500.0,1e-19,gtx-1080
ras,100000,64,2,280.306732,379.876190901,483.359829903,1e-06,1e-06,100,20000,1500.0,1e-19,gtx-1080

earm,10,20,0,2.871197,3.1745429039,3.19315195084,1e-06,1e-06,100,20000,20000.0,1.661e-19,gtx-1080
earm,100,20,0,3.167583,3.48264098167,3.5890610218,1e-06,1e-06,100,20000,20000.0,1.661e-19,gtx-1080
earm,1000,20,0,4.317473,4.95929980278,5.9700729847,1e-06,1e-06,100,20000,20000.0,1.661e-19,gtx-1080
earm,10000,20,0,43.67038,47.5131540298,57.2450358868,1e-06,1e-06,100,20000,20000.0,1.661e-19,gtx-1080
earm,10,20,1,2.294702,2.57957100868,2.59798884392,1e-06,1e-06,100,20000,20000.0,1.661e-19,gtx-1080
earm,100,20,1,2.493199,2.81148195267,2.91614794731,1e-06,1e-06,100,20000,20000.0,1.661e-19,gtx-1080
earm,1000,20,1,3.576704,4.21656298637,5.17998504639,1e-06,1e-06,100,20000,20000.0,1.661e-19,gtx-1080
earm,10000,20,1,28.115318,31.9576840401,41.8033480644,1e-06,1e-06,100,20000,20000.0,1.661e-19,gtx-1080
earm,10,20,2,1.978388,2.25981402397,2.27821707726,1e-06,1e-06,100,20000,20000.0,1.661e-19,gtx-1080
earm,100,20,2,2.134943,2.4504699707,2.55568218231,1e-06,1e-06,100,20000,20000.0,1.661e-19,gtx-1080
earm,1000,20,2,3.167222,3.80428409576,4.78938603401,1e-06,1e-06,100,20000,20000.0,1.661e-19,gtx-1080
earm,10000,20,2,26.154463,29.9941051006,39.741052866,1e-06,1e-06,100,20000,20000.0,1.661e-19,gtx-1080

earm,10,16,0,2.83958,3.10326004028,3.12232589722,1e-06,1e-06,100,20000,20000.0,1.661e-19,gtx-1080
earm,100,16,0,3.082848,3.3737859726,3.48432683945,1e-06,1e-06,100,20000,20000.0,1.661e-19,gtx-1080
earm,1000,16,0,4.252671,4.86983299255,5.88930702209,1e-06,1e-06,100,20000,20000.0,1.661e-19,gtx-1080
earm,10000,16,0,38.568413,42.4002699852,52.633275032,1e-06,1e-06,100,20000,20000.0,1.661e-19,gtx-1080
earm,10,16,1,2.299301,2.56301498413,2.58174681664,1e-06,1e-06,100,20000,20000.0,1.661e-19,gtx-1080
earm,100,16,1,2.440342,2.73600912094,2.84372591972,1e-06,1e-06,100,20000,20000.0,1.661e-19,gtx-1080
earm,1000,16,1,3.526096,4.1436150074,5.15130805969,1e-06,1e-06,100,20000,20000.0,1.661e-19,gtx-1080
earm,10000,16,1,27.836615,31.6626391411,41.7270720005,1e-06,1e-06,100,20000,20000.0,1.661e-19,gtx-1080
earm,10,16,2,1.984936,2.26175022125,2.28050017357,1e-06,1e-06,100,20000,20000.0,1.661e-19,gtx-1080
earm,100,16,2,2.087841,2.39361405373,2.50222492218,1e-06,1e-06,100,20000,20000.0,1.661e-19,gtx-1080
earm,1000,16,2,3.092964,3.72585892677,4.7563188076,1e-06,1e-06,100,20000,20000.0,1.661e-19,gtx-1080
earm,10000,16,2,25.536423,29.3626699448,39.4885540009,1e-06,1e-06,100,20000,20000.0,1.661e-19,gtx-1080
earm,10,32,0,2.876878,3.17452406883,3.19312596321,1e-06,1e-06,100,20000,20000.0,1.661e-19,gtx-1080
earm,100,32,0,3.257104,3.57602906227,3.68168711662,1e-06,1e-06,100,20000,20000.0,1.661e-19,gtx-1080
earm,1000,32,0,4.568726,5.21119403839,6.19831204414,1e-06,1e-06,100,20000,20000.0,1.661e-19,gtx-1080
earm,10000,32,0,53.780487,57.6395008564,67.5653748512,1e-06,1e-06,100,20000,20000.0,1.661e-19,gtx-1080
earm,10,32,1,2.282689,2.57071900368,2.58930516243,1e-06,1e-06,100,20000,20000.0,1.661e-19,gtx-1080
earm,100,32,1,2.554644,2.87476015091,2.98189902306,1e-06,1e-06,100,20000,20000.0,1.661e-19,gtx-1080
earm,1000,32,1,3.808661,4.45147204399,5.43464016914,1e-06,1e-06,100,20000,20000.0,1.661e-19,gtx-1080
earm,10000,32,1,28.333841,32.1859338284,42.0026841164,1e-06,1e-06,100,20000,20000.0,1.661e-19,gtx-1080
earm,10,32,2,1.989723,2.2789721489,2.2976038456,1e-06,1e-06,100,20000,20000.0,1.661e-19,gtx-1080
earm,100,32,2,2.193833,2.51292705536,2.61901593208,1e-06,1e-06,100,20000,20000.0,1.661e-19,gtx-1080
earm,1000,32,2,3.364861,4.01078915596,5.00408315659,1e-06,1e-06,100,20000,20000.0,1.661e-19,gtx-1080
earm,10000,32,2,26.073414,29.922533989,39.7721710205,1e-06,1e-06,100,20000,20000.0,1.661e-19,gtx-1080
earm,10,64,0,2.855629,3.16632390022,3.18470692635,1e-06,1e-06,100,20000,20000.0,1.661e-19,gtx-1080
earm,100,64,0,3.410047,3.74231219292,3.84892606735,1e-06,1e-06,100,20000,20000.0,1.661e-19,gtx-1080
earm,1000,64,0,4.558178,5.21309614182,6.1833190918,1e-06,1e-06,100,20000,20000.0,1.661e-19,gtx-1080
earm,10000,64,0,54.148026,58.0311229229,67.7066829205,1e-06,1e-06,100,20000,20000.0,1.661e-19,gtx-1080
earm,10,64,1,2.299796,2.60177087784,2.62006592751,1e-06,1e-06,100,20000,20000.0,1.661e-19,gtx-1080
earm,100,64,1,2.678334,3.00546884537,3.11180305481,1e-06,1e-06,100,20000,20000.0,1.661e-19,gtx-1080
earm,1000,64,1,3.807406,4.46187782288,5.45480799675,1e-06,1e-06,100,20000,20000.0,1.661e-19,gtx-1080
earm,10000,64,1,28.669851,32.5270850658,42.1405489445,1e-06,1e-06,100,20000,20000.0,1.661e-19,gtx-1080
earm,10,64,2,1.985084,2.28140497208,2.2999560833,1e-06,1e-06,100,20000,20000.0,1.661e-19,gtx-1080
earm,100,64,2,2.321133,2.64804601669,2.7545568943,1e-06,1e-06,100,20000,20000.0,1.661e-19,gtx-1080
earm,1000,64,2,3.360467,4.01389908791,4.98365187645,1e-06,1e-06,100,20000,20000.0,1.661e-19,gtx-1080
earm,10000,64,2,26.185415,30.051019907,39.8194899559,1e-06,1e-06,100,20000,20000.0,1.661e-19,gtx-1080





#PUMA

tyson,10,16,0,0.200042,0.60854101181,0.619177103043,1e-06,1e-06,100,20000,100.0,1e-19,K20C
tyson,100,16,0,0.242472,0.628384113312,0.68891620636,1e-06,1e-06,100,20000,100.0,1e-19,K20C
tyson,1000,16,0,0.267138,0.936110019684,1.45016598701,1e-06,1e-06,100,20000,100.0,1e-19,K20C
tyson,10000,16,0,1.479917,4.52873516083,9.44044208527,1e-06,1e-06,100,20000,100.0,1e-19,K20C
tyson,100000,16,0,12.554757,40.2043309212,84.4561378956,1e-06,1e-06,100,20000,100.0,1e-19,K20C
tyson,10,16,1,0.187105,0.601327180862,0.630202054977,1e-06,1e-06,100,20000,100.0,1e-19,K20C
tyson,100,16,1,0.226299,0.645302057266,0.704241037369,1e-06,1e-06,100,20000,100.0,1e-19,K20C
tyson,1000,16,1,0.250889,0.952465057373,1.46483397484,1e-06,1e-06,100,20000,100.0,1e-19,K20C
tyson,10000,16,1,1.390527,4.53609704971,9.11830186844,1e-06,1e-06,100,20000,100.0,1e-19,K20C
tyson,100000,16,1,11.791897,39.3703050613,85.9687421322,1e-06,1e-06,100,20000,100.0,1e-19,K20C
tyson,10,16,2,0.172568,0.584573030472,0.622626066208,1e-06,1e-06,100,20000,100.0,1e-19,K20C
tyson,100,16,2,0.208274,0.621153116226,0.680847883224,1e-06,1e-06,100,20000,100.0,1e-19,K20C
tyson,1000,16,2,0.236816,0.94139289856,1.4524948597,1e-06,1e-06,100,20000,100.0,1e-19,K20C
tyson,10000,16,2,1.314984,4.40611290932,8.91459417343,1e-06,1e-06,100,20000,100.0,1e-19,K20C
tyson,100000,16,2,11.190192,38.6653020382,85.5373570919,1e-06,1e-06,100,20000,100.0,1e-19,K20C
tyson,10,32,0,0.199581,0.550534009933,0.563241004944,1e-06,1e-06,100,20000,100.0,1e-19,K20C
tyson,100,32,0,0.319794,0.751308917999,0.811985969543,1e-06,1e-06,100,20000,100.0,1e-19,K20C
tyson,1000,32,0,0.375762,1.04829001427,1.56362295151,1e-06,1e-06,100,20000,100.0,1e-19,K20C
tyson,10000,32,0,1.988233,5.09552812576,9.86155605316,1e-06,1e-06,100,20000,100.0,1e-19,K20C
tyson,100000,32,0,17.231895,44.8659510612,90.3829510212,1e-06,1e-06,100,20000,100.0,1e-19,K20C
tyson,10,32,1,0.18698,0.604021072388,0.615686893463,1e-06,1e-06,100,20000,100.0,1e-19,K20C
tyson,100,32,1,0.299354,0.730970144272,0.790153980255,1e-06,1e-06,100,20000,100.0,1e-19,K20C
tyson,1000,32,1,0.352366,1.07154798508,1.61740589142,1e-06,1e-06,100,20000,100.0,1e-19,K20C
tyson,10000,32,1,1.858738,4.90928983688,9.71783614159,1e-06,1e-06,100,20000,100.0,1e-19,K20C
tyson,100000,32,1,15.934864,43.8129620552,88.906006813,1e-06,1e-06,100,20000,100.0,1e-19,K20C
tyson,10,32,2,0.172635,0.586051940918,0.602158069611,1e-06,1e-06,100,20000,100.0,1e-19,K20C
tyson,100,32,2,0.277601,0.708669900894,0.766820907593,1e-06,1e-06,100,20000,100.0,1e-19,K20C
tyson,1000,32,2,0.327929,1.03876900673,1.55839204788,1e-06,1e-06,100,20000,100.0,1e-19,K20C
tyson,10000,32,2,1.750139,4.87125277519,9.64329886436,1e-06,1e-06,100,20000,100.0,1e-19,K20C
tyson,100000,32,2,15.042776,42.8237349987,87.7960391045,1e-06,1e-06,100,20000,100.0,1e-19,K20C
tyson,10,64,0,0.200511,0.594759941101,0.611099004745,1e-06,1e-06,100,20000,100.0,1e-19,K20C
tyson,100,64,0,0.370627,0.77762389183,0.837239980698,1e-06,1e-06,100,20000,100.0,1e-19,K20C
tyson,1000,64,0,0.378704,1.07296705246,1.58937311172,1e-06,1e-06,100,20000,100.0,1e-19,K20C
tyson,10000,64,0,2.021033,5.20139193535,9.78551793098,1e-06,1e-06,100,20000,100.0,1e-19,K20C
tyson,100000,64,0,17.06883,44.7042031288,90.807336092,1e-06,1e-06,100,20000,100.0,1e-19,K20C
tyson,10,64,1,0.18702,0.609631061554,0.62372303009,1e-06,1e-06,100,20000,100.0,1e-19,K20C
tyson,100,64,1,0.346865,0.792275905609,0.852087020874,1e-06,1e-06,100,20000,100.0,1e-19,K20C
tyson,1000,64,1,0.353203,1.06689310074,1.5885720253,1e-06,1e-06,100,20000,100.0,1e-19,K20C
tyson,10000,64,1,1.874102,4.95516180992,9.58023810387,1e-06,1e-06,100,20000,100.0,1e-19,K20C
tyson,100000,64,1,15.772779,43.3021800518,88.8801939487,1e-06,1e-06,100,20000,100.0,1e-19,K20C
tyson,10,64,2,0.172552,0.607841014862,0.61913895607,1e-06,1e-06,100,20000,100.0,1e-19,K20C
tyson,100,64,2,0.321715,0.77104306221,0.827199935913,1e-06,1e-06,100,20000,100.0,1e-19,K20C
tyson,1000,64,2,0.328469,1.04532790184,1.59892392159,1e-06,1e-06,100,20000,100.0,1e-19,K20C
tyson,10000,64,2,1.759719,4.86387896538,9.66745901108,1e-06,1e-06,100,20000,100.0,1e-19,K20C
tyson,100000,64,2,14.879898,43.0666868687,88.6719260216,1e-06,1e-06,100,20000,100.0,1e-19,K20C


ras,10,16,0,9.571893,9.97414708138,10.0152728558,1e-06,1e-06,100,20000,1500.0,1e-19,K20C
ras,100,16,0,11.77226,12.3235878944,12.515182972,1e-06,1e-06,100,20000,1500.0,1e-19,K20C
ras,1000,16,0,13.20154,15.0346729755,16.9370481968,1e-06,1e-06,100,20000,1500.0,1e-19,K20C
ras,10000,16,0,78.181877,92.8885560036,109.448021173,1e-06,1e-06,100,20000,1500.0,1e-19,K20C
ras,100000,16,0,676.391602,820.641851902,985.832217932,1e-06,1e-06,100,20000,1500.0,1e-19,K20C
ras,10,16,1,7.784108,8.23148703575,8.25853300095,1e-06,1e-06,100,20000,1500.0,1e-19,K20C
ras,100,16,1,9.33379,9.90150284767,10.0912439823,1e-06,1e-06,100,20000,1500.0,1e-19,K20C
ras,1000,16,1,10.38174,12.2100529671,13.9233109951,1e-06,1e-06,100,20000,1500.0,1e-19,K20C
ras,10000,16,1,57.556488,72.8145749569,89.0018658638,1e-06,1e-06,100,20000,1500.0,1e-19,K20C
ras,100000,16,1,517.684753,663.695167065,828.263015985,1e-06,1e-06,100,20000,1500.0,1e-19,K20C
ras,10,16,2,6.861059,7.29805803299,7.32754778862,1e-06,1e-06,100,20000,1500.0,1e-19,K20C
ras,100,16,2,8.324728,8.87882494926,9.0700969696,1e-06,1e-06,100,20000,1500.0,1e-19,K20C
ras,1000,16,2,9.408646,11.2407650948,13.1322538853,1e-06,1e-06,100,20000,1500.0,1e-19,K20C
ras,10000,16,2,53.171844,67.9289050102,84.5156707764,1e-06,1e-06,100,20000,1500.0,1e-19,K20C
ras,100000,16,2,481.176758,626.344692945,792.681488037,1e-06,1e-06,100,20000,1500.0,1e-19,K20C
ras,10,32,0,9.585056,10.0047719479,10.0370841026,1e-06,1e-06,100,20000,1500.0,1e-19,K20C
ras,100,32,0,15.610232,16.1611139774,16.3613579273,1e-06,1e-06,100,20000,1500.0,1e-19,K20C
ras,1000,32,0,18.46183,20.4888799191,22.4052629471,1e-06,1e-06,100,20000,1500.0,1e-19,K20C
ras,10000,32,0,113.859009,128.592011929,145.245068073,1e-06,1e-06,100,20000,1500.0,1e-19,K20C
ras,100000,32,0,1035.09436,1181.56791186,1345.66426897,1e-06,1e-06,100,20000,1500.0,1e-19,K20C
ras,10,32,1,7.777444,8.24693489075,8.27865314484,1e-06,1e-06,100,20000,1500.0,1e-19,K20C
ras,100,32,1,12.306588,12.8867180347,13.0870771408,1e-06,1e-06,100,20000,1500.0,1e-19,K20C
ras,1000,32,1,14.427599,16.4291431904,18.3321881294,1e-06,1e-06,100,20000,1500.0,1e-19,K20C
ras,10000,32,1,79.854355,94.6002440453,111.210009098,1e-06,1e-06,100,20000,1500.0,1e-19,K20C
ras,100000,32,1,741.82428,888.477739096,1054.33594203,1e-06,1e-06,100,20000,1500.0,1e-19,K20C
ras,10,32,2,6.864636,7.32833385468,7.35578298569,1e-06,1e-06,100,20000,1500.0,1e-19,K20C
ras,100,32,2,11.179313,11.7659800053,11.9683179855,1e-06,1e-06,100,20000,1500.0,1e-19,K20C
ras,1000,32,2,13.179214,15.2663629055,17.1795508862,1e-06,1e-06,100,20000,1500.0,1e-19,K20C
ras,10000,32,2,74.470528,89.189412117,105.793951035,1e-06,1e-06,100,20000,1500.0,1e-19,K20C
ras,100000,32,2,685.506653,829.672457933,994.936429024,1e-06,1e-06,100,20000,1500.0,1e-19,K20C
ras,10,64,0,9.573677,9.99438786507,10.0281050205,1e-06,1e-06,100,20000,1500.0,1e-19,K20C
ras,100,64,0,18.06712,18.6229319572,18.8074088097,1e-06,1e-06,100,20000,1500.0,1e-19,K20C
ras,1000,64,0,18.47472,20.2962968349,22.1082069874,1e-06,1e-06,100,20000,1500.0,1e-19,K20C
ras,10000,64,0,113.490005,128.240087986,145.109338045,1e-06,1e-06,100,20000,1500.0,1e-19,K20C
ras,100000,64,0,1029.485352,1173.53273201,1339.38141704,1e-06,1e-06,100,20000,1500.0,1e-19,K20C
ras,10,64,1,7.780049,8.23220801353,8.2628531456,1e-06,1e-06,100,20000,1500.0,1e-19,K20C
ras,100,64,1,14.101707,14.678467989,14.8791220188,1e-06,1e-06,100,20000,1500.0,1e-19,K20C
ras,1000,64,1,14.423843,16.2589070797,18.1933381557,1e-06,1e-06,100,20000,1500.0,1e-19,K20C
ras,10000,64,1,100.595741,115.327580929,132.047643185,1e-06,1e-06,100,20000,1500.0,1e-19,K20C
ras,100000,64,1,882.337524,1027.03612399,1192.95459294,1e-06,1e-06,100,20000,1500.0,1e-19,K20C
ras,10,64,2,6.855644,7.30971097946,7.34068393707,1e-06,1e-06,100,20000,1500.0,1e-19,K20C
ras,100,64,2,12.902968,13.4587500095,13.6276669502,1e-06,1e-06,100,20000,1500.0,1e-19,K20C
ras,1000,64,2,13.20323,15.0530359745,16.9008359909,1e-06,1e-06,100,20000,1500.0,1e-19,K20C
ras,10000,64,2,92.053444,106.731544018,123.473457098,1e-06,1e-06,100,20000,1500.0,1e-19,K20C
ras,100000,64,2,807.398804,953.351302862,1119.46978903,1e-06,1e-06,100,20000,1500.0,1e-19,K20C


earm,10,16,0,10.488886,10.9159440994,10.9700469971,1e-06,1e-06,100,20000,20000.0,1.661e-19,K20C
earm,100,16,0,13.034336,13.5121440887,13.7623989582,1e-06,1e-06,100,20000,20000.0,1.661e-19,K20C
earm,1000,16,0,14.838997,15.8045971394,17.4836440086,1e-06,1e-06,100,20000,20000.0,1.661e-19,K20C
earm,10000,16,0,90.617729,96.4769601822,113.144992113,1e-06,1e-06,100,20000,20000.0,1.661e-19,K20C
earm,10,16,1,8.337523,8.77531695366,8.81320214272,1e-06,1e-06,100,20000,20000.0,1.661e-19,K20C
earm,100,16,1,10.049384,10.5179998875,10.691988945,1e-06,1e-06,100,20000,20000.0,1.661e-19,K20C
earm,1000,16,1,20.580881,21.5657320023,23.2334480286,1e-06,1e-06,100,20000,20000.0,1.661e-19,K20C
earm,10000,16,1,134.733948,140.607120991,157.227765083,1e-06,1e-06,100,20000,20000.0,1.661e-19,K20C
earm,10,16,2,7.272487,7.70225787163,7.73961091042,1e-06,1e-06,100,20000,20000.0,1.661e-19,K20C
earm,100,16,2,8.946344,9.42242312431,9.6046500206,1e-06,1e-06,100,20000,20000.0,1.661e-19,K20C
earm,1000,16,2,18.324171,19.2939069271,21.1661319733,1e-06,1e-06,100,20000,20000.0,1.661e-19,K20C
earm,10000,16,2,120.016327,125.85647893,142.391716957,1e-06,1e-06,100,20000,20000.0,1.661e-19,K20C
earm,10,32,0,10.493048,10.9473700523,10.9833698273,1e-06,1e-06,100,20000,20000.0,1.661e-19,K20C
earm,100,32,0,17.270588,17.7805140018,18.0254249573,1e-06,1e-06,100,20000,20000.0,1.661e-19,K20C
earm,1000,32,0,20.666752,21.6402189732,23.4291448593,1e-06,1e-06,100,20000,20000.0,1.661e-19,K20C
earm,10000,32,0,129.338821,135.245585918,152.005985975,1e-06,1e-06,100,20000,20000.0,1.661e-19,K20C
earm,10,32,1,8.339652,8.78314590454,8.81674313545,1e-06,1e-06,100,20000,20000.0,1.661e-19,K20C
earm,100,32,1,13.22664,13.7259259224,13.9320988655,1e-06,1e-06,100,20000,20000.0,1.661e-19,K20C
earm,1000,32,1,30.468815,31.4500799179,33.3298828602,1e-06,1e-06,100,20000,20000.0,1.661e-19,K20C
earm,10000,32,1,199.097198,204.966448069,221.71655798,1e-06,1e-06,100,20000,20000.0,1.661e-19,K20C
earm,10,32,2,7.271795,7.71112108231,7.7447988987,1e-06,1e-06,100,20000,20000.0,1.661e-19,K20C
earm,100,32,2,11.980761,12.4534070492,12.6381309032,1e-06,1e-06,100,20000,20000.0,1.661e-19,K20C
earm,1000,32,2,27.76074,28.7220339775,30.5517940521,1e-06,1e-06,100,20000,20000.0,1.661e-19,K20C
earm,10000,32,2,181.228821,187.11087203,203.810211897,1e-06,1e-06,100,20000,20000.0,1.661e-19,K20C

earm,10,64,0,10.489518,10.9333260059,10.9663281441,1e-06,1e-06,100,20000,20000.0,1.661e-19,K20C
earm,100,64,0,20.008003,20.485678196,20.6863350868,1e-06,1e-06,100,20000,20000.0,1.661e-19,K20C
earm,1000,64,0,20.694746,21.6739811897,23.367303133,1e-06,1e-06,100,20000,20000.0,1.661e-19,K20C
earm,10000,64,0,130.228897,136.123869181,152.893862963,1e-06,1e-06,100,20000,20000.0,1.661e-19,K20C
earm,10,64,1,8.340982,8.78167009354,8.81476998329,1e-06,1e-06,100,20000,20000.0,1.661e-19,K20C
earm,100,64,1,15.120649,15.5868871212,15.7878601551,1e-06,1e-06,100,20000,20000.0,1.661e-19,K20C
earm,1000,64,1,30.276039,31.2562501431,32.955121994,1e-06,1e-06,100,20000,20000.0,1.661e-19,K20C
earm,10000,64,1,199.128876,204.989002943,221.625775099,1e-06,1e-06,100,20000,20000.0,1.661e-19,K20C
earm,10,64,2,7.280397,7.72347998619,7.76060199738,1e-06,1e-06,100,20000,20000.0,1.661e-19,K20C
earm,100,64,2,13.819115,14.3181498051,14.5229358673,1e-06,1e-06,100,20000,20000.0,1.661e-19,K20C
earm,1000,64,2,27.734331,28.6841871738,30.5733509064,1e-06,1e-06,100,20000,20000.0,1.661e-19,K20C
earm,10000,64,2,181.311554,187.1789608,203.848665953,1e-06,1e-06,100,20000,20000.0,1.661e-19,K20C

#lolab-760
tyson,10,16,0,0.190517,0.225334882736,0.239670991898,1e-06,1e-06,100,20000,100.0,1e-19,gtx-760
tyson,100,16,0,0.216008,0.285938978195,0.351182937622,1e-06,1e-06,100,20000,100.0,1e-19,gtx-760
tyson,1000,16,0,0.263448,0.672802209854,1.24698209763,1e-06,1e-06,100,20000,100.0,1e-19,gtx-760
tyson,10000,16,0,2.305559,6.1288049221,11.9562749863,1e-06,1e-06,100,20000,100.0,1e-19,gtx-760
tyson,100000,16,0,22.002029,60.8132710457,119.605372906,1e-06,1e-06,100,20000,100.0,1e-19,gtx-760
tyson,10,16,1,0.176178,0.249494075775,0.263083934784,1e-06,1e-06,100,20000,100.0,1e-19,gtx-760
tyson,100,16,1,0.20621,0.287784814835,0.352432012558,1e-06,1e-06,100,20000,100.0,1e-19,gtx-760
tyson,1000,16,1,0.247534,0.674176216125,1.25899195671,1e-06,1e-06,100,20000,100.0,1e-19,gtx-760
tyson,10000,16,1,2.131103,5.98780798912,11.8123600483,1e-06,1e-06,100,20000,100.0,1e-19,gtx-760
tyson,100000,16,1,20.136801,59.0793199539,117.796028852,1e-06,1e-06,100,20000,100.0,1e-19,gtx-760
tyson,10,16,2,0.166483,0.246240854263,0.260074138641,1e-06,1e-06,100,20000,100.0,1e-19,gtx-760
tyson,100,16,2,0.197915,0.285706043243,0.352070093155,1e-06,1e-06,100,20000,100.0,1e-19,gtx-760
tyson,1000,16,2,0.239817,0.660621881485,1.22836685181,1e-06,1e-06,100,20000,100.0,1e-19,gtx-760
tyson,10000,16,2,2.041549,5.90621900558,11.7207388878,1e-06,1e-06,100,20000,100.0,1e-19,gtx-760
tyson,100000,16,2,19.279028,58.3340711594,117.114473104,1e-06,1e-06,100,20000,100.0,1e-19,gtx-760

tyson,10,32,0,0.190548,0.224701881409,0.23863196373,1e-06,1e-06,100,20000,100.0,1e-19,gtx-760
tyson,100,32,0,0.308926,0.38041305542,0.445375919342,1e-06,1e-06,100,20000,100.0,1e-19,gtx-760
tyson,1000,32,0,0.383568,0.791625976562,1.3664867878,1e-06,1e-06,100,20000,100.0,1e-19,gtx-760
tyson,10000,32,0,3.625161,7.49425387383,13.4957208633,1e-06,1e-06,100,20000,100.0,1e-19,gtx-760
tyson,100000,32,0,36.591061,75.5637500286,134.6192801,1e-06,1e-06,100,20000,100.0,1e-19,gtx-760
tyson,10,32,1,0.180939,0.253007888794,0.266482114792,1e-06,1e-06,100,20000,100.0,1e-19,gtx-760
tyson,100,32,1,0.281968,0.363836050034,0.42920589447,1e-06,1e-06,100,20000,100.0,1e-19,gtx-760
tyson,1000,32,1,0.358903,0.779298067093,1.35045814514,1e-06,1e-06,100,20000,100.0,1e-19,gtx-760
tyson,10000,32,1,3.341107,7.20484995842,13.0517890453,1e-06,1e-06,100,20000,100.0,1e-19,gtx-760
tyson,100000,32,1,33.672855,72.6949241161,131.127137899,1e-06,1e-06,100,20000,100.0,1e-19,gtx-760
tyson,10,32,2,0.171987,0.240435123444,0.254292964935,1e-06,1e-06,100,20000,100.0,1e-19,gtx-760
tyson,100,32,2,0.276533,0.355802059174,0.420248031616,1e-06,1e-06,100,20000,100.0,1e-19,gtx-760
tyson,1000,32,2,0.351568,0.778464078903,1.35335493088,1e-06,1e-06,100,20000,100.0,1e-19,gtx-760
tyson,10000,32,2,3.225193,7.10013103485,12.9281737804,1e-06,1e-06,100,20000,100.0,1e-19,gtx-760
tyson,100000,32,2,32.621353,71.4908380508,130.189994097,1e-06,1e-06,100,20000,100.0,1e-19,gtx-760

tyson,10,64,0,0.190526,0.225930929184,0.24104309082,1e-06,1e-06,100,20000,100.0,1e-19,gtx-760
tyson,100,64,0,0.360969,0.429352045059,0.494915008545,1e-06,1e-06,100,20000,100.0,1e-19,gtx-760
tyson,1000,64,0,0.383747,0.798027992249,1.38209581375,1e-06,1e-06,100,20000,100.0,1e-19,gtx-760
tyson,10000,64,0,4.366409,8.23596310616,14.137748003,1e-06,1e-06,100,20000,100.0,1e-19,gtx-760
tyson,100000,64,0,43.954086,198.971738815,258.425788164,1e-06,1e-06,100,20000,100.0,1e-19,gtx-760
tyson,10,64,1,0.180985,0.264326810837,0.278136968613,1e-06,1e-06,100,20000,100.0,1e-19,gtx-760
tyson,100,64,1,0.338244,0.422175168991,0.48894405365,1e-06,1e-06,100,20000,100.0,1e-19,gtx-760
tyson,1000,64,1,0.358436,0.78858089447,1.38634586334,1e-06,1e-06,100,20000,100.0,1e-19,gtx-760
tyson,10000,64,1,3.912887,21.3555541039,27.247713089,1e-06,1e-06,100,20000,100.0,1e-19,gtx-760
tyson,100000,64,1,39.668339,180.949931145,240.164088011,1e-06,1e-06,100,20000,100.0,1e-19,gtx-760
tyson,10,64,2,0.171986,0.255640029907,0.269279956818,1e-06,1e-06,100,20000,100.0,1e-19,gtx-760
tyson,100,64,2,0.342722,0.425737142563,0.491931915283,1e-06,1e-06,100,20000,100.0,1e-19,gtx-760
tyson,1000,64,2,0.351619,0.797831058502,1.38433408737,1e-06,1e-06,100,20000,100.0,1e-19,gtx-760
tyson,10000,64,2,3.801801,13.5504539013,19.4242448807,1e-06,1e-06,100,20000,100.0,1e-19,gtx-760
tyson,100000,64,2,38.615307,273.0405581,332.264147997,1e-06,1e-06,100,20000,100.0,1e-19,gtx-760


ras,10,16,0,7.955369,8.04545903206,8.07431292534,1e-06,1e-06,100,20000,1500.0,1e-19,gtx-760
ras,100,16,0,10.165689,10.3840589523,10.572029829,1e-06,1e-06,100,20000,1500.0,1e-19,gtx-760
ras,1000,16,0,13.033457,14.8411011696,16.6408910751,1e-06,1e-06,100,20000,1500.0,1e-19,gtx-760
ras,10000,16,0,135.785538,153.574980021,171.469331026,1e-06,1e-06,100,20000,1500.0,1e-19,gtx-760
ras,10,16,1,6.652395,6.74280190468,6.77110505104,1e-06,1e-06,100,20000,1500.0,1e-19,gtx-760
ras,100,16,1,8.284238,8.50416779518,8.79527688026,1e-06,1e-06,100,20000,1500.0,1e-19,gtx-760
ras,1000,16,1,10.193007,12.3436558247,14.1885590553,1e-06,1e-06,100,20000,1500.0,1e-19,gtx-760
ras,10000,16,1,98.565903,116.407154083,134.549973011,1e-06,1e-06,100,20000,1500.0,1e-19,gtx-760
ras,10,16,2,6.180644,6.27319192886,6.30159497261,1e-06,1e-06,100,20000,1500.0,1e-19,gtx-760
ras,100,16,2,7.833997,8.04838585854,8.23737096786,1e-06,1e-06,100,20000,1500.0,1e-19,gtx-760
ras,1000,16,2,9.516275,11.332679987,13.1257669926,1e-06,1e-06,100,20000,1500.0,1e-19,gtx-760
ras,10000,16,2,92.365715,110.143841982,128.157339811,1e-06,1e-06,100,20000,1500.0,1e-19,gtx-760
ras,100000,16,2,,,,,,,,,,gtx-760

ras,10,32,0,7.949817,8.03392910957,8.06268620491,1e-06,1e-06,100,20000,1500.0,1e-19,gtx-760
ras,100,32,0,14.480532,14.6981189251,14.8871719837,1e-06,1e-06,100,20000,1500.0,1e-19,gtx-760
ras,1000,32,0,19.188435,21.1643230915,22.9813888073,1e-06,1e-06,100,20000,1500.0,1e-19,gtx-760
ras,10000,32,0,199.473999,217.187927008,235.199402094,1e-06,1e-06,100,20000,1500.0,1e-19,gtx-760
ras,100000,32,0,,,,,,,,,,gtx-760
ras,10,32,1,6.644611,6.79429984093,6.86134696007,1e-06,1e-06,100,20000,1500.0,1e-19,gtx-760
ras,100,32,1,11.541007,11.807653904,11.9965658188,1e-06,1e-06,100,20000,1500.0,1e-19,gtx-760
ras,1000,32,1,27.966074,30.0170929432,31.8193449974,1e-06,1e-06,100,20000,1500.0,1e-19,gtx-760
ras,10000,32,1,157.476486,175.334688187,193.418408155,1e-06,1e-06,100,20000,1500.0,1e-19,gtx-760
ras,100000,32,1,,,,,,,,,,gtx-760
ras,10,32,2,6.175826,6.28813385963,6.3166179657,1e-06,1e-06,100,20000,1500.0,1e-19,gtx-760
ras,100,32,2,11.137739,11.3730669022,11.5626909733,1e-06,1e-06,100,20000,1500.0,1e-19,gtx-760
ras,1000,32,2,27.003799,29.014649868,30.8266561031,1e-06,1e-06,100,20000,1500.0,1e-19,gtx-760
ras,10000,32,2,151.694122,169.721554041,187.80706501,1e-06,1e-06,100,20000,1500.0,1e-19,gtx-760
ras,100000,32,2,,,,,,,,,,gtx-760

ras,10,64,0,7.955359,8.05096817017,8.07972192764,1e-06,1e-06,100,20000,1500.0,1e-19,gtx-760
ras,100,64,0,17.465866,17.6894609928,17.8778240681,1e-06,1e-06,100,20000,1500.0,1e-19,gtx-760
ras,1000,64,0,19.126701,20.9424798489,22.7625060081,1e-06,1e-06,100,20000,1500.0,1e-19,gtx-760
ras,10000,64,0,230.585541,249.306851149,267.459950924,1e-06,1e-06,100,20000,1500.0,1e-19,gtx-760
ras,10,64,1,6.648388,6.74316096306,6.77169513702,1e-06,1e-06,100,20000,1500.0,1e-19,gtx-760
ras,100,64,1,13.737926,13.95718503,14.1475951672,1e-06,1e-06,100,20000,1500.0,1e-19,gtx-760
ras,1000,64,1,27.912962,29.7188091278,31.5334749222,1e-06,1e-06,100,20000,1500.0,1e-19,gtx-760
ras,10000,64,1,198.250092,217.66683197,235.808106899,1e-06,1e-06,100,20000,1500.0,1e-19,gtx-760
ras,10,64,2,6.171691,6.25962400436,6.28831386566,1e-06,1e-06,100,20000,1500.0,1e-19,gtx-760
ras,100,64,2,13.373103,13.5935769081,13.7846548557,1e-06,1e-06,100,20000,1500.0,1e-19,gtx-760
ras,1000,64,2,27.02577,28.8429269791,30.6664040089,1e-06,1e-06,100,20000,1500.0,1e-19,gtx-760
ras,10000,64,2,190.115891,208.021517992,226.197802067,1e-06,1e-06,100,20000,1500.0,1e-19,gtx-760


#earm,10,16,0,8.762659,8.80503511429,8.83982300758,1e-06,1e-06,100,20000,20000.0,1.661e-19,gtx-760
#earm,100,16,0,11.206334,11.3120419979,11.5033328533,1e-06,1e-06,100,20000,20000.0,1.661e-19,gtx-760
#earm,1000,16,0,14.497144,15.202381134,16.9976680279,1e-06,1e-06,100,20000,20000.0,1.661e-19,gtx-760
#earm,10000,16,0,150.898666,157.659796953,175.511569023,1e-06,1e-06,100,20000,20000.0,1.661e-19,gtx-760
#earm,10,16,1,7.26704,7.32112383842,7.35543704033,1e-06,1e-06,100,20000,20000.0,1.661e-19,gtx-760
#earm,100,16,1,9.026009,9.13263392448,9.32752895355,1e-06,1e-06,100,20000,20000.0,1.661e-19,gtx-760
#earm,1000,16,1,28.911806,29.6220481396,31.3862259388,1e-06,1e-06,100,20000,20000.0,1.661e-19,gtx-760
#earm,10000,16,1,259.878235,266.643361092,284.499392986,1e-06,1e-06,100,20000,20000.0,1.661e-19,gtx-760
#earm,10,16,2,6.678869,6.72913098335,6.76336121559,1e-06,1e-06,100,20000,20000.0,1.661e-19,gtx-760
#earm,100,16,2,8.500731,8.60866999626,8.80394506454,1e-06,1e-06,100,20000,20000.0,1.661e-19,gtx-760
#earm,1000,16,2,26.94935,27.6565389633,29.4404900074,1e-06,1e-06,100,20000,20000.0,1.661e-19,gtx-760
#earm,10000,16,2,242.065613,248.877175093,266.878839016,1e-06,1e-06,100,20000,20000.0,1.661e-19,gtx-760

#earm,1000,2,0,33.605652,34.3115730286,36.1210808754,1e-06,1e-06,100,20000,20000.0,1.661e-19,gtx-760
#earm,1000,2,1,30.720749,31.4218440056,33.2288479805,1e-06,1e-06,100,20000,20000.0,1.661e-19,gtx-760
#earm,1000,2,2,26.490004,27.1900191307,29.0025370121,1e-06,1e-06,100,20000,20000.0,1.661e-19,gtx-760
#
#earm,1000,4,0,21.422855,22.128029108,23.9178209305,1e-06,1e-06,100,20000,20000.0,1.661e-19,gtx-760
#earm,1000,4,1,18.405716,19.1044609547,20.8846650124,1e-06,1e-06,100,20000,20000.0,1.661e-19,gtx-760
#earm,1000,4,2,16.275351,16.9763767719,18.7457659245,1e-06,1e-06,100,20000,20000.0,1.661e-19,gtx-760
#
#earm,1000,6,0,17.189491,17.8965620995,19.7350559235,1e-06,1e-06,100,20000,20000.0,1.661e-19,gtx-760
#earm,1000,6,1,19.553358,20.2584719658,22.0781781673,1e-06,1e-06,100,20000,20000.0,1.661e-19,gtx-760
#earm,1000,6,2,17.562654,18.2896950245,20.1333401203,1e-06,1e-06,100,20000,20000.0,1.661e-19,gtx-760
#
#earm,1000,8,0,18.990974,19.6895079613,21.4817662239,1e-06,1e-06,100,20000,20000.0,1.661e-19,gtx-760
#earm,1000,8,1,21.110386,21.8170590401,23.5997819901,1e-06,1e-06,100,20000,20000.0,1.661e-19,gtx-760
#earm,1000,8,2,19.027193,19.7326610088,21.5269079208,1e-06,1e-06,100,20000,20000.0,1.661e-19,gtx-760
#
#earm,1000,9,0,19.838223,20.5543909073,22.3352339268,1e-06,1e-06,100,20000,20000.0,1.661e-19,gtx-760
#earm,1000,9,1,22.185163,22.8844099045,24.6563260555,1e-06,1e-06,100,20000,20000.0,1.661e-19,gtx-760
#earm,1000,9,2,20.158428,20.8722901344,22.651982069,1e-06,1e-06,100,20000,20000.0,1.661e-19,gtx-760
#
#earm,1000,10,0,20.940897,21.6395699978,23.4407520294,1e-06,1e-06,100,20000,20000.0,1.661e-19,gtx-760
#earm,1000,10,1,22.996374,23.7093338966,25.5027451515,1e-06,1e-06,100,20000,20000.0,1.661e-19,gtx-760
#earm,1000,10,2,21.003231,21.8840091228,23.6841011047,1e-06,1e-06,100,20000,20000.0,1.661e-19,gtx-760
#
#earm,1000,11,0,13.039383,13.7415158749,15.5634970665,1e-06,1e-06,100,20000,20000.0,1.661e-19,gtx-760
#earm,1000,11,1,23.999018,24.6954579353,26.5060610771,1e-06,1e-06,100,20000,20000.0,1.661e-19,gtx-760
#earm,1000,11,2,21.997997,22.7289631367,24.5263650417,1e-06,1e-06,100,20000,20000.0,1.661e-19,gtx-760
#
#earm,1000,12,0,13.349504,14.0568659306,15.8410930634,1e-06,1e-06,100,20000,20000.0,1.661e-19,gtx-760
#earm,1000,12,1,24.947929,25.6656041145,27.4667031765,1e-06,1e-06,100,20000,20000.0,1.661e-19,gtx-760
#earm,1000,12,2,22.96479,23.6750149727,25.4632978439,1e-06,1e-06,100,20000,20000.0,1.661e-19,gtx-760
#
#earm,1000,14,0,13.694582,14.4124298096,16.2003569603,1e-06,1e-06,100,20000,20000.0,1.661e-19,gtx-760
#earm,1000,14,1,26.827505,27.5402848721,29.3099091053,1e-06,1e-06,100,20000,20000.0,1.661e-19,gtx-760
#earm,1000,14,2,24.90925,25.6257209778,27.3938629627,1e-06,1e-06,100,20000,20000.0,1.661e-19,gtx-760
#
earm,10,16,0,8.756739,8.82443594933,8.85915398598,1e-06,1e-06,100,20000,20000.0,1.661e-19,gtx-760
earm,100,16,0,11.214781,11.3225469589,11.5179469585,1e-06,1e-06,100,20000,20000.0,1.661e-19,gtx-760
earm,1000,16,0,14.494057,15.2029500008,17.0287029743,1e-06,1e-06,100,20000,20000.0,1.661e-19,gtx-760
earm,10000,16,0,151.149826,157.922519922,176.009946823,1e-06,1e-06,100,20000,20000.0,1.661e-19,gtx-760
earm,10,16,1,7.261838,7.32568407059,7.3606159687,1e-06,1e-06,100,20000,20000.0,1.661e-19,gtx-760
earm,100,16,1,9.022619,9.12981987,9.32528996468,1e-06,1e-06,100,20000,20000.0,1.661e-19,gtx-760
earm,1000,16,1,28.929764,29.6342318058,31.4358818531,1e-06,1e-06,100,20000,20000.0,1.661e-19,gtx-760
earm,10000,16,1,259.923126,266.671519041,284.729894876,1e-06,1e-06,100,20000,20000.0,1.661e-19,gtx-760
earm,10,16,2,6.678155,6.73730111122,6.77184700966,1e-06,1e-06,100,20000,20000.0,1.661e-19,gtx-760
earm,100,16,2,8.501706,8.61582779884,8.81224608421,1e-06,1e-06,100,20000,20000.0,1.661e-19,gtx-760
earm,1000,16,2,26.956713,27.6686310768,29.4785790443,1e-06,1e-06,100,20000,20000.0,1.661e-19,gtx-760
earm,10000,16,2,242.075729,248.816481113,266.807865143,1e-06,1e-06,100,20000,20000.0,1.661e-19,gtx-760

earm,10,32,0,8.761292,8.8789229393,8.9140059948,1e-06,1e-06,100,20000,20000.0,1.661e-19,gtx-760
earm,100,32,0,15.935803,16.0660049915,16.3155391216,1e-06,1e-06,100,20000,20000.0,1.661e-19,gtx-760
earm,1000,32,0,21.216238,21.9432580471,23.7647922039,1e-06,1e-06,100,20000,20000.0,1.661e-19,gtx-760
earm,10000,32,0,233.945312,240.757364035,259.118975878,1e-06,1e-06,100,20000,20000.0,1.661e-19,gtx-760

earm,10,32,1,7.269776,7.34597110748,7.38077497482,1e-06,1e-06,100,20000,20000.0,1.661e-19,gtx-760
earm,100,32,1,12.533068,12.6611480713,12.8599002361,1e-06,1e-06,100,20000,20000.0,1.661e-19,gtx-760
earm,1000,32,1,45.406673,46.1371259689,47.9542229176,1e-06,1e-06,100,20000,20000.0,1.661e-19,gtx-760
earm,10000,32,1,408.828491,415.641996145,434.02671504,1e-06,1e-06,100,20000,20000.0,1.661e-19,gtx-760

earm,10,32,2,6.679263,6.76555299759,6.80061793327,1e-06,1e-06,100,20000,20000.0,1.661e-19,gtx-760
earm,100,32,2,12.092098,12.2202761173,12.41741395,1e-06,1e-06,100,20000,20000.0,1.661e-19,gtx-760
earm,1000,32,2,43.913933,44.6465830803,46.455534935,1e-06,1e-06,100,20000,20000.0,1.661e-19,gtx-760
earm,10000,32,2,394.492218,401.308087826,419.617669821,1e-06,1e-06,100,20000,20000.0,1.661e-19,gtx-760

earm,10,64,0,8.757842,8.83266091347,8.86790800095,1e-06,1e-06,100,20000,20000.0,1.661e-19,gtx-760
earm,100,64,0,19.326712,19.436863184,19.6371669769,1e-06,1e-06,100,20000,20000.0,1.661e-19,gtx-760
earm,1000,64,0,21.169815,21.8803420067,23.7241740227,1e-06,1e-06,100,20000,20000.0,1.661e-19,gtx-760
earm,10000,64,0,271.727417,278.532550097,296.873348951,1e-06,1e-06,100,20000,20000.0,1.661e-19,gtx-760
earm,10,64,1,7.256029,7.32085990906,7.35575890541,1e-06,1e-06,100,20000,20000.0,1.661e-19,gtx-760
earm,100,64,1,14.945352,15.0634441376,15.2617368698,1e-06,1e-06,100,20000,20000.0,1.661e-19,gtx-760
earm,1000,64,1,45.076756,45.7951850891,47.633742094,1e-06,1e-06,100,20000,20000.0,1.661e-19,gtx-760
earm,10000,64,1,408.892212,415.690629005,433.953024864,1e-06,1e-06,100,20000,20000.0,1.661e-19,gtx-760
earm,10,64,2,6.691153,6.75839090347,6.79332494736,1e-06,1e-06,100,20000,20000.0,1.661e-19,gtx-760
earm,100,64,2,14.540011,14.650965929,14.8500740528,1e-06,1e-06,100,20000,20000.0,1.661e-19,gtx-760
earm,1000,64,2,43.903828,44.6096510887,46.4526090622,1e-06,1e-06,100,20000,20000.0,1.661e-19,gtx-760
earm,10000,64,2,394.617767,401.382130146,419.724164009,1e-06,1e-06,100,20000,20000.0,1.661e-19,gtx-760
